protein,num_pfams,pfam_accession,pfam_name
NP_414542.1,1,PF08254,Leader_Thr
NP_414546.1,1,PF10697,DUF2502
NP_414547.1,1,PF03883,H2O2_YaaD
NP_414548.1,1,PF01235,Na_Ala_symp
NP_414549.1,1,PF00923,TAL_FSA
NP_414550.1,1,PF00994,MoCF_biosynth
NP_414551.1,1,PF01184,Gpr1_Fun34_YaaH
NP_414554.1,1,PF10807,DUF2541
NP_414557.1,1,PF01609,DDE_Tnp_1
NP_414559.1,1,PF01848,HOK_GEF
NP_414560.1,1,PF06965,Na_H_antiport_1
NP_414562.1,1,PF03400,DDE_Tnp_IS1
NP_414564.1,1,PF01649,Ribosomal_S20p
NP_414568.1,1,PF01252,Peptidase_A8
NP_414569.1,1,PF00254,FKBP_C
NP_414570.1,1,PF02401,LYTB
NP_414571.1,1,PF01156,IU_nuc_hydro
NP_414576.4,1,PF07180,CaiF_GrlA
NP_414580.1,1,PF02515,CoA_transf_3
NP_414582.1,1,PF02028,BCCT
NP_414583.2,1,PF01012,ETF
NP_414590.1,1,PF00186,DHFR_1
NP_414591.1,1,PF00149,Metallophos
NP_414592.1,1,PF04379,DUF525
NP_414593.1,1,PF00398,RrnaAD
NP_414594.1,1,PF04166,PdxA
NP_414600.1,1,PF00849,PseudoU_synth_2
NP_414603.1,1,PF00596,Aldolase_II
NP_414607.1,1,PF09335,VTT_dom
NP_414609.1,1,PF00528,BPD_transp_1
NP_414614.1,1,PF00330,Aconitase
NP_414615.4,1,PF00180,Iso_dh
NP_414617.1,1,PF08054,Leu_leader
NP_414623.1,1,PF02381,MraZ
NP_414624.1,1,PF01795,Methyltransf_5
NP_414625.1,1,PF04999,FtsL
NP_414631.1,1,PF01098,FTSW_RODA_SPOVE
NP_414638.1,1,PF03331,LpxC
NP_414639.2,1,PF06558,SecM
NP_414643.1,1,PF03884,YacG
NP_414644.1,1,PF07072,ZapD
NP_414646.1,1,PF00478,IMPDH
NP_414648.1,1,PF00482,T2SSF
NP_414650.1,1,PF07963,N_methyl
NP_414652.1,1,PF01510,Amidase_2
NP_414653.1,1,PF17113,AmpE
NP_414659.1,1,PF11737,DUF3300
NP_414661.2,1,PF06062,UPF0231
NP_414662.1,1,PF02675,AdoMet_dc
NP_414664.4,1,PF09691,T2SS_PulS_OutS
NP_414667.4,1,PF00156,Pribosyltran
NP_414668.1,1,PF00484,Pro_CA
NP_414670.1,1,PF01061,ABC2_membrane
NP_414671.1,1,PF03610,EIIA-man
NP_414672.1,1,PF01522,Polysacc_deac_1
NP_414673.1,1,PF02261,Asp_decarbox
NP_414674.1,1,PF04754,Transposase_31
NP_414675.1,1,PF02569,Pantoate_ligase
NP_414676.1,1,PF02548,Pantoate_transf
NP_414677.1,1,PF00419,Fimbrial
NP_414678.1,1,PF00419,Fimbrial
NP_414679.1,1,PF00419,Fimbrial
NP_414680.4,1,PF00419,Fimbrial
NP_414683.1,1,PF00419,Fimbrial
NP_414684.1,1,PF01288,HPPK
NP_414686.3,1,PF00749,tRNA-synt_1c
NP_414694.1,1,PF01497,Peripla_BP_2
NP_414695.1,1,PF01032,FecCD
NP_414696.1,1,PF00202,Aminotran_3
NP_414697.1,1,PF00654,Voltage_CLC
NP_414698.1,1,PF01521,Fe-S_biosyn
NP_414699.1,1,PF03458,Gly_transporter
NP_414700.1,1,PF01497,Peripla_BP_2
NP_414701.1,1,PF01048,PNP_UDP_1
NP_414705.1,1,PF11944,DUF3461
NP_414706.2,1,PF00149,Metallophos
NP_414710.1,1,PF00557,Peptidase_M24
NP_414711.1,1,PF00318,Ribosomal_S2
NP_414712.1,1,PF00889,EF_TS
NP_414713.1,1,PF00696,AA_kinase
NP_414714.1,1,PF01765,RRF
NP_414716.1,1,PF01255,Prenyltransf
NP_414717.2,1,PF01148,CTP_transf_1
NP_414720.1,1,PF03938,OmpH
NP_414724.1,1,PF02684,LpxB
NP_414725.1,1,PF01351,RNase_HII
NP_414731.2,1,PF07073,ROF
NP_414732.1,1,PF07152,YaeQ
NP_414733.1,1,PF00472,RF-1
NP_414738.1,1,PF16358,RcsF
NP_414740.1,1,PF00528,BPD_transp_1
NP_414743.1,1,PF00248,Aldo_ket_red
NP_414745.1,1,PF03372,Exo_endo_phos
NP_414749.2,1,PF08241,Methyltransf_11
NP_414750.1,1,PF00075,RNase_H
NP_414751.1,1,PF00929,RNase_T
NP_414752.1,1,PF25851,YafT
NP_414754.1,1,PF00795,CN_hydrolase
NP_414755.1,1,PF08816,Ivy
NP_414758.1,1,PF13230,GATase_4
NP_414759.1,1,PF03734,YkuD
NP_414760.1,1,PF15738,YafQ_toxin
NP_414761.1,1,PF04221,RelB
NP_414762.1,1,PF00877,NLPC_P60
NP_414767.1,1,PF02604,PhdYeFM_antitox
NP_414768.1,1,PF13957,YafO_toxin
NP_414773.1,1,PF00156,Pribosyltran
NP_414774.1,1,PF06500,FrsA-like
NP_414778.1,1,PF00171,Aldedh
NP_414779.1,1,PF06755,CbtA_toxin
NP_414780.1,1,PF06154,CbeA_antitoxin
NP_414781.1,1,PF04002,RadC
NP_414782.1,1,PF03230,Antirestrict
NP_414783.1,1,PF06006,DUF905
NP_414784.1,1,PF27224,YfjT
NP_414785.4,1,PF20494,YfjS_YafY
NP_414786.4,1,PF06067,DUF932
NP_414795.1,1,PF02574,S-methyl_trans
NP_414798.1,1,PF03400,DDE_Tnp_IS1
NP_414802.2,1,PF00701,DHDPS
NP_414808.1,1,PF03400,DDE_Tnp_IS1
NP_414811.1,1,PF11726,YagK_YfjJ_C
NP_414812.1,1,PF07638,Sigma70_ECF
NP_414813.1,1,PF27701,UCP007319
NP_414819.1,1,PF00941,FAD_binding_5
NP_414821.1,1,PF07274,DUF1440
NP_414822.1,1,PF03692,CxxCxxCC
NP_414824.1,1,PF27328,EcpD_C
NP_414826.1,1,PF18649,EcpB_C
NP_414827.1,1,PF16449,MatB
NP_414830.1,1,PF01197,Ribosomal_L31
NP_414832.2,1,PF01527,HTH_Tnp_1
NP_414835.2,1,PF04224,DUF417
NP_414837.2,1,PF07338,YdgH_BhsA-like
NP_414840.1,1,PF02754,CCG
NP_414842.4,1,PF02589,LUD_dom
NP_414846.1,1,PF00171,Aldedh
NP_414848.1,1,PF02028,BCCT
NP_414851.1,1,PF06496,DUF1097
NP_414853.1,1,PF11392,AllH
NP_414855.1,1,PF06545,AllG
NP_414857.1,1,PF00696,AA_kinase
NP_414862.1,1,PF01810,LysE
NP_414863.1,1,PF07338,YdgH_BhsA-like
NP_414867.1,1,PF00285,Citrate_synt
NP_414870.1,1,PF02133,Transp_cyt_pur
NP_414873.1,1,PF00484,Pro_CA
NP_414882.1,1,PF02900,LigB
NP_414884.2,1,PF01557,FAA_hydrolase
NP_414888.4,1,PF09831,DUF2058
NP_414889.1,1,PF00756,Esterase
NP_414891.4,1,PF02583,Trns_repr_metal
NP_414892.1,1,PF19413,YaiO
NP_414894.2,1,PF01527,HTH_Tnp_1
NP_414898.4,1,PF02585,PIG-L
NP_414901.1,1,PF00528,BPD_transp_1
NP_414902.1,1,PF02668,TauD
NP_414903.4,1,PF00490,ALAD
NP_414907.2,1,PF01527,HTH_Tnp_1
NP_414909.2,1,PF15977,HTH_46
NP_414910.1,1,PF00144,Beta-lactamase
NP_414912.1,1,PF07759,DUF1615
NP_414913.1,1,PF10954,DUF2755
NP_414914.2,1,PF10953,DUF2754
NP_414916.1,1,PF10796,Anti-adapt_IraP
NP_414918.4,1,PF07769,PsiF_repeat
NP_414921.2,1,PF02639,DUF188
NP_414923.1,1,PF16362,YaiA
NP_414924.1,1,PF07302,AroM
NP_414925.1,1,PF06865,Ppnp
NP_414927.1,1,PF04381,RdgC
NP_414935.1,1,PF05525,Branch_AA_trans
NP_414938.1,1,PF04336,ACP_PD
NP_414939.1,1,PF02547,Queuosine_synth
NP_414940.1,1,PF01702,TGT
NP_414941.1,1,PF02699,YajC
NP_414944.1,1,PF01844,HNH
NP_414945.1,1,PF03502,Channel_Tsx
NP_414946.4,1,PF11622,DUF3251
NP_414949.1,1,PF00885,DMRL_synthase
NP_414950.1,1,PF01029,NusB
NP_414952.1,1,PF04608,PgpA
NP_414953.2,1,PF00248,Aldo_ket_red
NP_414955.1,1,PF00348,polyprenyl_synt
NP_414956.1,1,PF02609,Exonuc_VII_S
NP_414958.4,1,PF01965,DJ-1_PfpI
NP_414960.2,1,PF04461,YajQ
NP_414962.1,1,PF01040,UbiA
NP_414963.1,1,PF03626,COX4_pro
NP_414964.1,1,PF00510,COX3
NP_414965.1,1,PF00115,COX1
NP_414969.4,1,PF01722,BolA
NP_414971.1,1,PF00574,CLP_protease
NP_414984.1,1,PF00543,P-II
NP_414985.1,1,PF00909,Ammonium_transp
NP_414987.3,1,PF09619,YscW
NP_414988.1,1,PF01035,DNA_binding_1
NP_414989.1,1,PF07237,DUF1428
NP_414991.4,1,PF10777,YlaC
NP_414993.1,1,PF05321,HHA
NP_414994.1,1,PF10757,YbaJ
NP_414999.1,1,PF10689,DUF2496
NP_415000.1,1,PF07445,PriC
NP_415001.1,1,PF04304,DUF454
NP_415002.1,1,PF00156,Pribosyltran
NP_415004.1,1,PF02575,YbaB_DNA_bd
NP_415010.1,1,PF00294,PfkB
NP_415012.1,1,PF07690,MFS_1
NP_415014.1,1,PF04073,tRNA_edit
NP_415015.1,1,PF01963,TraB_PrgY_gumN
NP_415016.4,1,PF01381,HTH_3
NP_415018.1,1,PF04960,Glutaminase
NP_415021.2,1,PF01957,NfeD
NP_415022.1,1,PF01145,Band_7
NP_415024.4,1,PF03649,UPF0014
NP_415028.1,1,PF00005,ABC_tran
NP_415029.1,1,PF02687,FtsX
NP_415031.1,1,PF15631,Imm-NTF2-2
NP_415038.1,1,PF04115,Ureidogly_lyase
NP_415041.1,1,PF01261,AP_endonuc_2
NP_415044.4,1,PF02133,Transp_cyt_pur
NP_415046.4,1,PF00860,Xan_ur_permease
NP_415047.1,1,PF02595,Gly_kinase
NP_415050.1,1,PF02615,Ldh_2
NP_415053.1,1,PF11392,AllH
NP_415054.1,1,PF00696,AA_kinase
NP_415056.1,1,PF00731,AIRC
NP_415058.1,1,PF00160,Pro_isomerase
NP_415060.1,1,PF04307,YdjM
NP_415061.2,1,PF13275,S4_2
NP_415063.4,1,PF00419,Fimbrial
NP_415066.2,1,PF00419,Fimbrial
NP_415067.1,1,PF00419,Fimbrial
NP_415069.1,1,PF00589,Phage_integrase
NP_415072.2,1,PF01527,HTH_Tnp_1
NP_415075.1,1,PF00893,Multi_Drug_Res
NP_415077.1,1,PF01161,PBP
NP_415080.1,1,PF05322,NinE
NP_415081.1,1,PF07102,YbcO
NP_415082.1,1,PF05866,RusA
NP_415083.1,1,PF06530,Phage_antitermQ
NP_415086.1,1,PF04971,Phage_holin_2_1
NP_415087.1,1,PF00959,Phage_lysozyme
NP_415088.1,1,PF03245,Phage_lysis
NP_415089.1,1,PF06291,Lambda_Bor
NP_415090.2,1,PF07166,DUF1398
NP_415092.1,1,PF07471,Phage_Nu1
NP_415097.1,1,PF01278,Omptin
NP_415099.1,1,PF14488,DUF4434
NP_415104.1,1,PF02321,OEP
NP_415105.1,1,PF11604,CusF_Ec
NP_415107.1,1,PF00873,ACR_tran
NP_415110.1,1,PF00881,Nitroreductase
NP_415111.1,1,PF04237,YjbR
NP_415112.1,1,PF06643,DUF1158
NP_415113.1,1,PF04107,GCS2
NP_415114.1,1,PF01609,DDE_Tnp_1
NP_415119.1,1,PF02706,Wzz
NP_415121.1,1,PF01032,FecCD
NP_415122.1,1,PF01032,FecCD
NP_415124.1,1,PF01497,Peripla_BP_2
NP_415125.1,1,PF00425,Chorismate_bind
NP_415129.1,1,PF03061,4HBT
NP_415130.1,1,PF02554,CstA
NP_415134.1,1,PF02195,ParB_N
NP_415140.1,1,PF00582,Usp
NP_415144.1,1,PF00445,Ribonuclease_T2
NP_415146.1,1,PF01874,CitG
NP_415147.1,1,PF03802,CitX
NP_415148.1,1,PF04223,CitF
NP_415150.1,1,PF06857,ACP
NP_415151.4,1,PF08218,Citrate_ly_lig
NP_415155.1,1,PF07017,PagP
NP_415157.1,1,PF02537,CRCB
NP_415160.1,1,PF02416,TatA_B_E
NP_415163.2,1,PF21948,LplA-B_cat
NP_415164.1,1,PF04359,DUF493
NP_415167.1,1,PF01098,FTSW_RODA_SPOVE
NP_415169.1,1,PF02590,SPOUT_MTase
NP_415170.4,1,PF02410,RsfS
NP_415171.1,1,PF00300,His_Phos_1
NP_415172.1,1,PF01467,CTP_transf_like
NP_415174.1,1,PF04390,LptE
NP_415176.1,1,PF07295,DUF1451
NP_415178.1,1,PF06889,DUF1266
NP_415179.1,1,PF27158,DjlB_C_2nd
NP_415180.1,1,PF08238,Sel1
NP_415181.1,1,PF06889,DUF1266
NP_415182.1,1,PF27158,DjlB_C_2nd
NP_415184.1,1,PF01156,IU_nuc_hydro
NP_415186.1,1,PF00528,BPD_transp_1
NP_415187.1,1,PF00528,BPD_transp_1
NP_415188.1,1,PF00497,SBP_bac_3
NP_415192.1,1,PF02130,YbeY
NP_415204.1,1,PF01182,Glucosamine_iso
NP_415207.1,1,PF03573,OprD
NP_415208.1,1,PF13982,YbfN
NP_415209.1,1,PF01475,FUR
NP_415224.1,1,PF02669,KdpC
NP_415226.1,1,PF03814,KdpA
NP_415228.1,1,PF10725,DUF2517
NP_415235.1,1,PF08349,DUF1722
NP_415238.1,1,PF01784,DUF34_NIF3
NP_415239.1,1,PF02682,CT_C_D
NP_415240.1,1,PF02626,CT_A_B
NP_415241.1,1,PF03746,LamB_YcsF
NP_415243.4,1,PF05145,AbrB
NP_415247.1,1,PF00419,Fimbrial
NP_415248.1,1,PF00285,Citrate_synt
NP_415249.1,1,PF01127,Sdh_cyt
NP_415250.1,1,PF01127,Sdh_cyt
NP_415261.2,1,PF01654,Cyt_bd_oxida_I
NP_415262.1,1,PF02322,Cyt_bd_oxida_II
NP_415263.1,1,PF09600,Cyd_oper_YbgE
NP_415265.1,1,PF01618,MotA_ExbB
NP_415266.1,1,PF02472,ExbD
NP_415267.1,1,PF06519,TolA
NP_415269.1,1,PF00691,OmpA
NP_415271.1,1,PF02445,NadA
NP_415272.1,1,PF04973,NMN_transporter
NP_415274.1,1,PF13985,YbgS
NP_415275.1,1,PF00793,DAHP_synth_1
NP_415276.1,1,PF00300,His_Phos_1
NP_415277.1,1,PF01263,Aldose_epim
NP_415282.1,1,PF03459,TOBE
NP_415283.1,1,PF10766,AcrZ
NP_415285.1,1,PF00528,BPD_transp_1
NP_415290.1,1,PF04303,PrpF
NP_415293.1,1,PF01095,Pectinesterase
NP_415294.1,1,PF01161,PBP
NP_415295.1,1,PF00202,Aminotran_3
NP_415297.1,1,PF00155,Aminotran_1_2
NP_415301.1,1,PF01933,CofD
NP_415303.1,1,PF00994,MoCF_biosynth
NP_415304.1,1,PF01967,MoaC
NP_415305.1,1,PF02597,ThiS
NP_415306.1,1,PF02391,MoaE
NP_415307.1,1,PF01027,Bax1-I
NP_415309.1,1,PF03706,LPG_synthase_TM
NP_415311.1,1,PF03372,Exo_endo_phos
NP_415312.1,1,PF11076,YbhQ
NP_415319.1,1,PF08719,NADAR
NP_415321.1,1,PF02885,Glycos_trans_3N
NP_415322.1,1,PF02615,Ldh_2
NP_415323.1,1,PF07338,YdgH_BhsA-like
NP_415324.1,1,PF01258,zf-dskA_traR
NP_415327.2,1,PF07338,YdgH_BhsA-like
NP_415328.4,1,PF05971,Methyltransf_10
NP_415331.1,1,PF00528,BPD_transp_1
NP_415333.1,1,PF00210,Ferritin
NP_415334.1,1,PF00892,EamA
NP_415336.1,1,PF00884,Sulfatase
NP_415342.1,1,PF07350,Gig2-like
NP_415346.4,1,PF00923,TAL_FSA
NP_415347.1,1,PF00899,ThiF
NP_415349.1,1,PF01112,Asparaginase_2
NP_415351.1,1,PF00496,SBP_bac_5
NP_415357.1,1,PF10799,YliH
NP_415358.1,1,PF07995,GSDH
NP_415362.1,1,PF01569,PAP2
NP_415366.1,1,PF07690,MFS_1
NP_415369.1,1,PF11045,YbjM
NP_415370.1,1,PF00462,Glutaredoxin
NP_415371.1,1,PF07214,DUF1418
NP_415374.1,1,PF10722,YbjN
NP_415377.1,1,PF00528,BPD_transp_1
NP_415378.1,1,PF00528,BPD_transp_1
NP_415379.1,1,PF10767,YbjO_DH-like
NP_415381.1,1,PF00497,SBP_bac_3
NP_415382.1,1,PF00528,BPD_transp_1
NP_415383.1,1,PF00528,BPD_transp_1
NP_415384.1,1,PF00497,SBP_bac_3
NP_415386.1,1,PF12883,DUF3828
NP_415387.1,1,PF01906,YbjQ_1
NP_415388.1,1,PF01510,Amidase_2
NP_415394.4,1,PF03063,Prismane
NP_415395.2,1,PF03956,Lys_export
NP_415396.1,1,PF00230,MIP
NP_415398.1,1,PF04393,DUF535
NP_415401.1,1,PF00313,CSD
NP_415402.1,1,PF02617,ClpS
NP_415404.1,1,PF01176,eIF-1a
NP_415405.1,1,PF03588,Leu_Phe_trans
NP_415411.2,1,PF03548,LolA
NP_415416.1,1,PF04976,DmsC
NP_415417.1,1,PF00857,Isochorismatase
NP_415424.1,1,PF01226,Form_Nir_trans
NP_415426.1,1,PF04239,DUF421
NP_415427.1,1,PF00266,Aminotran_5
NP_415428.1,1,PF00275,EPSP_synthase
NP_415429.2,1,PF01435,Peptidase_M48
NP_415435.1,1,PF02606,LpxK
NP_415436.1,1,PF06224,AlkZ-like
NP_415437.1,1,PF03966,Trm112p
NP_415439.1,1,PF01636,APH
NP_415440.1,1,PF02698,DUF218
NP_415447.1,1,PF00753,Lactamase_B
NP_415448.1,1,PF00155,Aminotran_1_2
NP_415453.1,1,PF00005,ABC_tran
NP_415454.4,1,PF00528,BPD_transp_1
NP_415455.1,1,PF00296,Bac_luciferase
NP_415458.2,1,PF00419,Fimbrial
NP_415461.1,1,PF00419,Fimbrial
NP_415462.1,1,PF00419,Fimbrial
NP_415463.2,1,PF00419,Fimbrial
NP_415465.1,1,PF01180,DHO_dh
NP_415470.1,1,PF04403,PqiA
NP_415471.1,1,PF02470,MlaD
NP_415472.2,1,PF03886,ABC_trans_aux
NP_415473.1,1,PF04957,RMF
NP_415478.1,1,PF03846,SulA
NP_415481.1,1,PF03733,YccF
NP_415483.2,1,PF02142,MGS
NP_415484.1,1,PF09829,DUF2057
NP_415486.4,1,PF08755,YccV-like
NP_415488.1,1,PF00708,Acylphosphatase
NP_415489.4,1,PF04358,DsrC
NP_415490.1,1,PF01027,Bax1-I
NP_415493.1,1,PF01292,Ni_hydr_CYTB
NP_415494.1,1,PF01750,HycI
NP_415495.1,1,PF07449,HyaE
NP_415496.1,1,PF04809,HupH_C
NP_415497.1,1,PF01654,Cyt_bd_oxida_I
NP_415498.1,1,PF02322,Cyt_bd_oxida_II
NP_415500.1,1,PF00328,His_Phos_2
NP_415502.4,1,PF01451,LMWPc
NP_415504.1,1,PF06082,YjbH
NP_415506.1,1,PF11102,YjbF
NP_415508.1,1,PF03400,DDE_Tnp_IS1
NP_415509.1,1,PF00313,CSD
NP_415511.1,1,PF15939,YmcE_antitoxin
NP_415518.1,1,PF02613,Nitrate_red_del
NP_415519.1,1,PF13591,MerR_2
NP_415522.1,1,PF00328,His_Phos_2
NP_415523.1,1,PF13993,YccJ
NP_415525.2,1,PF10685,KGG
NP_415526.4,1,PF00860,Xan_ur_permease
NP_415527.4,1,PF01613,Flavin_Reduct
NP_415528.1,1,PF00881,Nitroreductase
NP_415530.1,1,PF01042,Ribonuc_L-PSP
NP_415531.2,1,PF00857,Isochorismatase
NP_415532.3,1,PF00296,Bac_luciferase
NP_415535.1,1,PF00474,SSF
NP_415540.1,1,PF13994,PgaD
NP_415546.2,1,PF01527,HTH_Tnp_1
NP_415552.1,1,PF02811,PHP
NP_415553.1,1,PF02613,Nitrate_red_del
NP_415554.4,1,PF06496,DUF1097
NP_415555.1,1,PF03783,CsgG
NP_415556.1,1,PF10614,CsgF
NP_415557.1,1,PF10627,CsgE
NP_415559.1,1,PF07012,Curlin_rpt
NP_415560.1,1,PF07012,Curlin_rpt
NP_415561.1,1,PF10610,Tafi-CsgC
NP_415562.1,1,PF27184,YmdA
NP_415563.1,1,PF01661,Macro
NP_415565.1,1,PF01757,Acyl_transf_3
NP_415566.1,1,PF04349,MdoG
NP_415568.1,1,PF07119,DUF1375
NP_415569.4,1,PF13984,MsyB
NP_415572.1,1,PF03279,Lip_A_acyltrans
NP_415574.1,1,PF04264,YceI
NP_415575.1,1,PF01292,Ni_hydr_CYTB
NP_415576.1,1,PF10968,DUF2770
NP_415578.3,1,PF13991,BssS
NP_415579.1,1,PF06183,DinI
NP_415580.1,1,PF01979,Amidohydro_1
NP_415581.1,1,PF07273,DUF1439
NP_415583.4,1,PF07690,MFS_1
NP_415585.1,1,PF04337,DUF480
NP_415587.1,1,PF03023,MurJ
NP_415588.1,1,PF05130,FlgN
NP_415589.1,1,PF04316,FlgM
NP_415591.1,1,PF00460,Flg_bb_rod
NP_415597.1,1,PF02107,FlgH
NP_415598.3,1,PF02119,FlgI
NP_415601.1,1,PF00669,Flagellin_N
NP_415605.2,1,PF02545,Maf
NP_415606.1,1,PF02620,YceD
NP_415607.1,1,PF01783,Ribosomal_L32p
NP_415608.2,1,PF02504,FA_synthesis
NP_415610.1,1,PF00698,Acyl_transf_1
NP_415612.1,1,PF00550,PP-binding
NP_415614.1,1,PF01063,Aminotran_4
NP_415615.1,1,PF02618,YceG
NP_415616.1,1,PF02223,Thymidylate_kin
NP_415618.1,1,PF01026,TatD_DNase
NP_415622.1,1,PF07233,DUF1425
NP_415623.1,1,PF13036,LpoB
NP_415624.1,1,PF01636,APH
NP_415625.1,1,PF00933,Glyco_hydro_3
NP_415626.4,1,PF05728,UPF0227
NP_415628.1,1,PF05433,Rick_17kDa_Anti
NP_415630.1,1,PF07338,YdgH_BhsA-like
NP_415633.1,1,PF01757,Acyl_transf_3
NP_415638.3,1,PF02146,SIR2
NP_415639.1,1,PF04536,TPM_phosphatase
NP_415640.2,1,PF12158,DUF3592
NP_415642.1,1,PF00528,BPD_transp_1
NP_415643.3,1,PF00528,BPD_transp_1
NP_415650.1,1,PF04356,DUF489
NP_415652.1,1,PF00293,NUDIX
NP_415653.4,1,PF00849,PseudoU_synth_2
NP_415654.1,1,PF00180,Iso_dh
NP_415657.1,1,PF10463,Peptidase_U49
NP_415659.1,1,PF07825,Exc
NP_415663.1,1,PF00717,Peptidase_S24
NP_415665.2,1,PF06892,Phage_CP76
NP_415671.1,1,PF10076,Phage_Mu_Gp48
NP_415672.1,1,PF21882,Gp53-like_C
NP_415673.1,1,PF02413,Caudo_TAP
NP_415677.1,1,PF01844,HNH
NP_415678.1,1,PF11183,PmrD
NP_415679.1,1,PF07166,DUF1398
NP_415682.1,1,PF10798,YmgB
NP_415684.1,1,PF10798,YmgB
NP_415689.2,1,PF16456,YmgD
NP_415692.1,1,PF03776,MinE
NP_415695.1,1,PF05666,YcgJ
NP_415696.1,1,PF04151,PPC
NP_415697.5,1,PF05166,YcgL
NP_415698.1,1,PF01557,FAA_hydrolase
NP_415699.5,1,PF03692,CxxCxxCC
NP_415700.4,1,PF06109,HlyE
NP_415701.1,1,PF00717,Peptidase_S24
NP_415703.3,1,PF02600,DsbB
NP_415711.2,1,PF01464,SLT
NP_415713.1,1,PF04226,Transgly_assoc
NP_415717.1,1,PF02734,Dak2
NP_415718.6,1,PF02733,Dak1
NP_415722.1,1,PF01195,Pept_tRNA_hydro
NP_415723.1,1,PF10762,DUF2583
NP_415727.1,1,PF03550,LolB
NP_415731.1,1,PF04247,SirB
NP_415733.1,1,PF00793,DAHP_synth_1
NP_415734.1,1,PF01699,Na_Ca_ex
NP_415735.1,1,PF06150,ChaB
NP_415736.2,1,PF04752,ChaC
NP_415737.1,1,PF02635,DsrE
NP_415738.2,1,PF11924,IAT_beta
NP_415741.1,1,PF07690,MFS_1
NP_415744.1,1,PF02613,Nitrate_red_del
NP_415745.1,1,PF02665,Nitrate_red_gam
NP_415750.2,1,PF01734,Patatin
NP_415751.1,1,PF00072,Response_reg
NP_415752.1,1,PF00483,NTP_transferase
NP_415754.1,1,PF00265,TK
NP_415758.1,1,PF01914,MarC
NP_415759.1,1,PF00496,SBP_bac_5
NP_415764.4,1,PF04269,DUF440
NP_415767.2,1,PF03795,YCII
NP_415769.1,1,PF03061,4HBT
NP_415770.1,1,PF04279,IspA
NP_415771.1,1,PF06790,UPF0259
NP_415773.1,1,PF05974,DUF892
NP_415774.1,1,PF05974,DUF892
NP_415775.4,1,PF10685,KGG
NP_415776.1,1,PF00290,Trp_syntA
NP_415777.1,1,PF00291,PALP
NP_415781.1,1,PF08255,Leader_Trp
NP_415782.1,1,PF02811,PHP
NP_415783.6,1,PF01300,Sua5_yciO_yrdC
NP_415789.1,1,PF10692,DUF2498
NP_415793.1,1,PF00925,GTP_cyclohydro2
NP_415794.1,1,PF01569,PAP2
NP_415795.1,1,PF06305,LapA_dom
NP_415797.1,1,PF00215,OMPdecase
NP_415798.2,1,PF01253,SUI1
NP_415805.1,1,PF04480,DUF559
NP_415806.1,1,PF00005,ABC_tran
NP_415809.1,1,PF00528,BPD_transp_1
NP_415810.1,1,PF00496,SBP_bac_5
NP_415811.1,1,PF10820,DUF2543
NP_415813.4,1,PF00120,Gln-synt_C
NP_415816.1,1,PF00171,Aldedh
NP_415820.1,1,PF04012,PspA_IM30
NP_415821.1,1,PF06667,PspB
NP_415822.1,1,PF04024,PspC
NP_415823.1,1,PF09584,Phageshock_PspD
NP_415824.1,1,PF00581,Rhodanese
NP_415825.4,1,PF00128,Alpha-amylase
NP_415827.1,1,PF00528,BPD_transp_1
NP_415828.1,1,PF00528,BPD_transp_1
NP_415829.1,1,PF00107,ADH_zinc_N
NP_415830.2,1,PF01261,AP_endonuc_2
NP_415837.1,1,PF04317,DUF463
NP_415838.1,1,PF05128,DUF697
NP_415842.2,1,PF00246,Peptidase_M14
NP_415845.2,1,PF00496,SBP_bac_5
NP_415848.1,1,PF10749,DUF2534
NP_415849.1,1,PF00582,Usp
NP_415852.2,1,PF03806,ABG_transport
NP_415856.1,1,PF01713,Smr
NP_415858.1,1,PF01544,CorA
NP_415860.1,1,PF01171,ATP_bind_3
NP_415862.4,1,PF06806,DUF1233
NP_415863.1,1,PF06688,DUF1187
NP_415864.1,1,PF14354,Lar_restr_allev
NP_415865.1,1,PF03837,RecT
NP_415869.2,1,PF27398,KilR
NP_415870.4,1,PF14163,SieB
NP_415872.2,1,PF07151,DUF1391
NP_415873.2,1,PF14555,UBA_4
NP_415876.1,1,PF06254,YdaT_toxin
NP_415877.1,1,PF07120,DUF1376
NP_415881.1,1,PF02386,TrkH
NP_415883.1,1,PF02195,ParB_N
NP_415893.2,1,PF27475,YnaE
NP_415894.4,1,PF00582,Usp
NP_415897.1,1,PF03724,META
NP_415899.1,1,PF11739,YdbH-like
NP_415900.1,1,PF13617,Lipoprotein_19
NP_415901.2,1,PF07027,DUF1318
NP_415903.4,1,PF00171,Aldedh
NP_415906.1,1,PF05138,PaaA_PaaC
NP_415907.1,1,PF06243,PaaB
NP_415908.1,1,PF05138,PaaA_PaaC
NP_415921.2,1,PF01527,HTH_Tnp_1
NP_415924.1,1,PF00248,Aldo_ket_red
NP_415925.2,1,PF10971,DUF2773
NP_415926.4,1,PF01066,CDP-OH_P_transf
NP_415927.1,1,PF01148,CTP_transf_1
NP_415932.1,1,PF02698,DUF218
NP_415933.1,1,PF00171,Aldedh
NP_415935.2,1,PF01292,Ni_hydr_CYTB
NP_415936.1,1,PF27300,YdcA
NP_415940.1,1,PF07063,HGLS
NP_415941.5,1,PF04349,MdoG
NP_415943.4,1,PF04325,DUF465
NP_415946.1,1,PF03595,SLAC1
NP_415948.1,1,PF11769,DUF3313
NP_415950.4,1,PF03594,BenE
NP_415953.1,1,PF10829,DUF2554
NP_415954.2,1,PF07927,HicA_toxin
NP_415959.1,1,PF00528,BPD_transp_1
NP_415960.1,1,PF00528,BPD_transp_1
NP_415961.1,1,PF00171,Aldedh
NP_415962.2,1,PF10753,Toxin_GhoT_OrtT
NP_415963.1,1,PF10735,DUF2526
NP_415964.1,1,PF04657,DMT_YdcZ
NP_415972.1,1,PF17520,DUF5445
NP_415978.1,1,PF01361,Tautomerase
NP_415979.2,1,PF01613,Flavin_Reduct
NP_415980.1,1,PF00797,Acetyltransf_2
NP_415981.1,1,PF02567,PhzC-PhzF
NP_415982.1,1,PF02665,Nitrate_red_gam
NP_415983.1,1,PF02613,Nitrate_red_del
NP_415986.1,1,PF07690,MFS_1
NP_415990.5,1,PF00892,EamA
NP_415993.1,1,PF01292,Ni_hydr_CYTB
NP_415994.4,1,PF01381,HTH_3
NP_415997.1,1,PF08136,SRA_like
NP_415998.4,1,PF10684,BDM
NP_415999.1,1,PF02566,OsmC
NP_416004.1,1,PF00496,SBP_bac_5
NP_416008.1,1,PF02638,GHL10
NP_416010.1,1,PF00282,Pyridoxal_deC
NP_416012.1,1,PF07715,Plug
NP_416017.1,1,PF17073,SafA
NP_416018.1,1,PF00384,Molybdopterin
NP_416019.1,1,PF09160,FimH_man-bind
NP_416020.1,1,PF00419,Fimbrial
NP_416021.1,1,PF00419,Fimbrial
NP_416029.1,1,PF04198,Sugar-bind
NP_416031.1,1,PF02653,BPD_transp_2
NP_416032.1,1,PF02653,BPD_transp_2
NP_416033.1,1,PF13407,Peripla_BP_4
NP_416034.1,1,PF01791,DeoC
NP_416035.1,1,PF03992,ABM
NP_416037.2,1,PF25539,Bestrophin_2
NP_416039.1,1,PF00990,GGDEF
NP_416040.1,1,PF13811,DUF4186
NP_416041.1,1,PF04960,Glutaminase
NP_416042.2,1,PF00171,Aldedh
NP_416045.1,1,PF07690,MFS_1
NP_416046.1,1,PF01914,MarC
NP_416049.1,1,PF13999,MarB
NP_416050.4,1,PF00892,EamA
NP_416051.1,1,PF07690,MFS_1
NP_416054.1,1,PF04076,BOF
NP_416055.1,1,PF02464,CinA
NP_416056.1,1,PF01432,Peptidase_M3
NP_416059.1,1,PF14001,YdfZ
NP_416062.2,1,PF27475,YnaE
NP_416067.2,1,PF07166,DUF1398
NP_416068.2,1,PF08178,GnsAB_toxin
NP_416070.1,1,PF00313,CSD
NP_416071.1,1,PF10721,DUF2514
NP_416072.1,1,PF00959,Phage_lysozyme
NP_416073.1,1,PF07041,DUF1327
NP_416074.4,1,PF04971,Phage_holin_2_1
NP_416075.1,1,PF00313,CSD
NP_416076.1,1,PF00313,CSD
NP_416078.4,1,PF06147,DUF968
NP_416079.1,1,PF27490,Rem
NP_416080.1,1,PF01848,HOK_GEF
NP_416081.1,1,PF05016,ParE_toxin
NP_416082.1,1,PF04221,RelB
NP_416084.1,1,PF14282,FlxA
NP_416087.1,1,PF14549,P22_Cro
NP_416089.1,1,PF07151,DUF1391
NP_416092.1,1,PF05358,DicB
NP_416093.1,1,PF07358,DUF1482
NP_416099.1,1,PF02694,UPF0060
NP_416100.1,1,PF06932,DUF1283
NP_416102.2,1,PF06788,UPF0257
NP_416103.2,1,PF06649,DUF1161
NP_416107.1,1,PF04976,DmsC
NP_416108.2,1,PF02613,Nitrate_red_del
NP_416109.2,1,PF00654,Voltage_CLC
NP_416111.1,1,PF00480,ROK
NP_416114.2,1,PF06392,Asr
NP_416116.1,1,PF00893,Multi_Drug_Res
NP_416117.1,1,PF00893,Multi_Drug_Res
NP_416118.1,1,PF01594,AI-2E_transport
NP_416119.1,1,PF02233,PNTB
NP_416121.1,1,PF07338,YdgH_BhsA-like
NP_416124.1,1,PF06942,GlpM
NP_416127.1,1,PF05472,Ter
NP_416131.1,1,PF06097,DUF945
NP_416132.2,1,PF03573,OprD
NP_416135.1,1,PF00440,TetR_N
NP_416139.1,1,PF00155,Aminotran_1_2
NP_416140.1,1,PF00962,A_deaminase
NP_416142.1,1,PF05321,HHA
NP_416143.2,1,PF10754,DUF2569
NP_416144.1,1,PF02508,Rnf-Nqr
NP_416147.1,1,PF03116,NQR2_RnfD_RnfE
NP_416148.1,1,PF04205,FMN_bind
NP_416149.1,1,PF02508,Rnf-Nqr
NP_416156.4,1,PF09864,MliC
NP_416157.1,1,PF03702,AnmK
NP_416160.1,1,PF07869,DUF1656
NP_416163.1,1,PF00080,Sod_Cu
NP_416165.2,1,PF06945,DUF1289
NP_416167.1,1,PF00724,Oxidored_FMN
NP_416169.1,1,PF00929,RNase_T
NP_416171.1,1,PF00462,Glutaredoxin
NP_416172.1,1,PF00877,NLPC_P60
NP_416179.1,1,PF00677,Lum_binding
NP_416182.1,1,PF08803,ydhR
NP_416183.1,1,PF13454,NAD_binding_9
NP_416184.1,1,PF27195,YdhT_N
NP_416185.1,1,PF01292,Ni_hydr_CYTB
NP_416187.1,1,PF27264,YdhW_C
NP_416190.1,1,PF10965,DUF2767
NP_416192.1,1,PF04728,LPP
NP_416194.1,1,PF02657,SufE
NP_416195.1,1,PF00266,Aminotran_5
NP_416196.1,1,PF01458,SUFBD_core
NP_416197.1,1,PF00005,ABC_tran
NP_416199.1,1,PF01521,Fe-S_biosyn
NP_416200.2,1,PF15930,YdiH
NP_416201.1,1,PF03061,4HBT
NP_416203.1,1,PF01594,AI-2E_transport
NP_416204.2,1,PF08965,Aca2_YdiL
NP_416205.1,1,PF07690,MFS_1
NP_416206.6,1,PF07690,MFS_1
NP_416208.1,1,PF01487,DHquinase_I
NP_416209.1,1,PF01144,CoA_trans
NP_416212.1,1,PF01012,ETF
NP_416218.1,1,PF03618,Kinase-PPPase
NP_416219.1,1,PF00793,DAHP_synth_1
NP_416220.1,1,PF10636,hemP
NP_416221.1,1,PF02696,SelO
NP_416222.1,1,PF00563,EAL
NP_416223.1,1,PF00877,NLPC_P60
NP_416225.1,1,PF00255,GSHPx
NP_416230.1,1,PF28075,PheM
NP_416231.1,1,PF00453,Ribosomal_L20
NP_416232.3,1,PF01632,Ribosomal_L35p
NP_416236.1,1,PF04338,DUF481
NP_416238.1,1,PF11080,GhoS
NP_416240.1,1,PF14002,YniB
NP_416242.6,1,PF04307,YdjM
NP_416243.1,1,PF00375,SDF
NP_416245.2,1,PF10729,CedA
NP_416247.1,1,PF04794,YdjC
NP_416250.1,1,PF02255,PTS_IIA
NP_416251.1,1,PF02378,PTS_EIIC
NP_416252.1,1,PF02302,PTS_IIB
NP_416253.1,1,PF04355,BamE
NP_416254.1,1,PF02540,NAD_synthase
NP_416256.2,1,PF05962,HutD
NP_416259.1,1,PF04996,AstB
NP_416260.1,1,PF00171,Aldedh
NP_416261.1,1,PF04958,AstA
NP_416263.1,1,PF03372,Exo_endo_phos
NP_416264.4,1,PF09335,VTT_dom
NP_416265.4,1,PF27149,YdjY
NP_416266.1,1,PF09335,VTT_dom
NP_416267.1,1,PF02627,CMD
NP_416269.4,1,PF00528,BPD_transp_1
NP_416270.1,1,PF00005,ABC_tran
NP_416271.4,1,PF00581,Rhodanese
NP_416272.2,1,PF01066,CDP-OH_P_transf
NP_416274.1,1,PF07383,DUF1496
NP_416276.4,1,PF06889,DUF1266
NP_416279.1,1,PF00881,Nitroreductase
NP_416282.4,1,PF00857,Isochorismatase
NP_416285.1,1,PF00248,Aldo_ket_red
NP_416286.4,1,PF00294,PfkB
NP_416287.1,1,PF01116,F_bP_aldolase
NP_416291.4,1,PF07023,DUF1315
NP_416292.1,1,PF01641,SelR
NP_416294.4,1,PF01263,Aldose_epim
NP_416295.1,1,PF00248,Aldo_ket_red
NP_416296.1,1,PF06629,MipA
NP_416298.1,1,PF04285,DUF444
NP_416301.1,1,PF04073,tRNA_edit
NP_416302.2,1,PF23689,YldA
NP_416303.1,1,PF04284,DUF441
NP_416305.1,1,PF07690,MFS_1
NP_416307.1,1,PF03891,DUF333
NP_416309.1,1,PF04226,Transgly_assoc
NP_416310.1,1,PF08956,DUF1869
NP_416311.1,1,PF09313,TehB-like
NP_416312.1,1,PF01810,LysE
NP_416314.1,1,PF00180,Iso_dh
NP_416315.1,1,PF02028,BCCT
NP_416320.1,1,PF03843,Slp
NP_416321.1,1,PF00814,TsaD
NP_416323.4,1,PF01042,Ribonuc_L-PSP
NP_416324.2,1,PF08986,DUF1889
NP_416325.1,1,PF03701,UPF0181
NP_416327.1,1,PF00293,NUDIX
NP_416332.1,1,PF03609,EII-Sor
NP_416333.4,1,PF03613,EIID-AGA
NP_416334.1,1,PF06173,DUF986
NP_416335.4,1,PF02659,Mntp
NP_416337.1,1,PF00313,CSD
NP_416338.1,1,PF10736,DUF2527
NP_416339.1,1,PF13974,YebO
NP_416340.1,1,PF13998,MgrB
NP_416343.1,1,PF01435,Peptidase_M48
NP_416347.1,1,PF04403,PqiA
NP_416348.2,1,PF02470,MlaD
NP_416350.4,1,PF07351,DUF1480
NP_416351.2,1,PF07358,DUF1482
NP_416352.4,1,PF00149,Metallophos
NP_416353.1,1,PF10709,DUF2511
NP_416354.1,1,PF05425,CopD
NP_416356.1,1,PF06440,DNA_pol3_theta
NP_416357.1,1,PF00795,CN_hydrolase
NP_416360.1,1,PF04391,DUF533
NP_416361.2,1,PF13995,YebF
NP_416362.1,1,PF07130,YebG
NP_416364.1,1,PF01081,Aldolase
NP_416369.1,1,PF03279,Lip_A_acyltrans
NP_416371.4,1,PF01297,ZnuA
NP_416376.2,1,PF05708,Peptidase_C92
NP_416377.1,1,PF02075,RuvC
NP_416379.1,1,PF00293,NUDIX
NP_416381.2,1,PF00857,Isochorismatase
NP_416382.1,1,PF01904,DUF72
NP_416383.4,1,PF01124,MAPEG
NP_416389.4,1,PF06185,YecM
NP_416391.4,1,PF07007,LprI
NP_416392.1,1,PF06366,FlhE
NP_416393.1,1,PF00771,FHIPEP
NP_416394.1,1,PF01312,Bac_export_2
NP_416395.1,1,PF04344,CheZ
NP_416396.1,1,PF00072,Response_reg
NP_416401.1,1,PF01584,CheW
NP_416405.1,1,PF05280,FlhC
NP_416406.4,1,PF05247,FlhD
NP_416407.1,1,PF03400,DDE_Tnp_IS1
NP_416409.1,1,PF00582,Usp
NP_416410.1,1,PF00982,Glyco_transf_20
NP_416415.1,1,PF00210,Ferritin
NP_416416.2,1,PF10964,DUF2766
NP_416417.1,1,PF13992,YecR
NP_416418.1,1,PF00210,Ferritin
NP_416419.1,1,PF10678,DUF2492
NP_416422.1,1,PF01066,CDP-OH_P_transf
NP_416425.1,1,PF10769,DUF2594
NP_416428.1,1,PF00528,BPD_transp_1
NP_416429.4,1,PF00291,PALP
NP_416431.2,1,PF02899,Phage_int_SAM_1
NP_416435.1,1,PF02561,FliS
NP_416436.1,1,PF05400,FliT
NP_416438.1,1,PF13987,YedD
NP_416439.1,1,PF04143,Sulf_transp
NP_416440.1,1,PF01206,TusA
NP_416447.1,1,PF02049,FliE
NP_416450.2,1,PF02108,FliH
NP_416452.1,1,PF02050,FliJ
NP_416453.1,1,PF02120,Flg_hook
NP_416454.1,1,PF03748,FliL
NP_416457.4,1,PF04347,FliO
NP_416458.1,1,PF00813,FliP
NP_416459.1,1,PF01313,Bac_export_3
NP_416460.1,1,PF01311,Bac_export_1
NP_416461.1,1,PF00196,GerE
NP_416462.1,1,PF10781,DSRB
NP_416463.4,1,PF10733,DUF2525
NP_416466.1,1,PF09926,DUF2158
NP_416467.1,1,PF05661,DUF808
NP_416468.1,1,PF00892,EamA
NP_416469.1,1,PF03852,Vsr
NP_416471.1,1,PF01966,HD
NP_416472.3,1,PF28000,DrpB
NP_416476.1,1,PF01965,DJ-1_PfpI
NP_416479.1,1,PF00576,Transthyretin
NP_416480.1,1,PF00174,Oxidored_molyb
NP_416481.1,1,PF01794,Ferric_reduct
NP_416482.1,1,PF09223,ZinT
NP_416483.4,1,PF01292,Ni_hydr_CYTB
NP_416484.2,1,PF06167,Peptidase_M90
NP_416491.3,1,PF01554,MatE
NP_416495.1,1,PF02277,DBI_PRT
NP_416496.1,1,PF02654,CobS
NP_416497.1,1,PF02283,CobU
NP_416505.2,1,PF27347,YeeR_C
NP_416506.1,1,PF04002,RadC
NP_416507.1,1,PF06174,DUF987
NP_416508.1,1,PF06154,CbeA_antitoxin
NP_416509.1,1,PF06755,CbtA_toxin
NP_416511.4,1,PF04363,DUF496
NP_416516.1,1,PF01206,TusA
NP_416517.1,1,PF04143,Sulf_transp
NP_416520.1,1,PF01370,Epimerase
NP_416521.2,1,PF02604,PhdYeFM_antitox
NP_416522.1,1,PF08047,His_leader
NP_416524.1,1,PF00815,Histidinol_dh
NP_416525.1,1,PF00155,Aminotran_1_2
NP_416531.4,1,PF02706,Wzz
NP_416542.1,1,PF00908,dTDP_sugar_isom
NP_416546.1,1,PF00483,NTP_transferase
NP_416547.1,1,PF27800,WcaM
NP_416549.1,1,PF04230,PS_pyruv_trans
NP_416555.2,1,PF00293,NUDIX
NP_416558.1,1,PF00132,Hexapep
NP_416559.1,1,PF00535,Glycos_transf_2
NP_416560.1,1,PF27321,WcaD
NP_416562.1,1,PF00132,Hexapep
NP_416565.1,1,PF01451,LMWPc
NP_416568.1,1,PF05170,AsmA
NP_416570.2,1,PF00485,PRK
NP_416575.1,1,PF10077,DUF2314
NP_416576.1,1,PF13672,PP2C_2
NP_416584.4,1,PF07411,DUF1508
NP_416586.1,1,PF04606,Ogr_Delta
NP_416589.2,1,PF27694,UCP007004
NP_416592.2,1,PF01527,HTH_Tnp_1
NP_416596.1,1,PF02302,PTS_IIB
NP_416597.1,1,PF00359,PTS_EIIA_2
NP_416598.1,1,PF08013,GatZ_KbaZ-like
NP_416599.2,1,PF01116,F_bP_aldolase
NP_416600.4,1,PF01791,DeoC
NP_416602.1,1,PF03747,ADP_ribosyl_GH
NP_416603.1,1,PF00294,PfkB
NP_416605.2,1,PF01183,Glyco_hydro_25
NP_416608.1,1,PF02583,Trns_repr_metal
NP_416610.4,1,PF11776,RcnB
NP_416611.1,1,PF00419,Fimbrial
NP_416614.1,1,PF00419,Fimbrial
NP_416615.1,1,PF10836,DUF2574
NP_416621.1,1,PF13569,DUF4132
NP_416623.2,1,PF07728,AAA_5
NP_416624.1,1,PF18934,DUF5682
NP_416627.2,1,PF06998,DUF1307
NP_416628.1,1,PF07308,DUF1456
NP_416632.1,1,PF00528,BPD_transp_1
NP_416634.1,1,PF00528,BPD_transp_1
NP_416635.1,1,PF04069,OpuAC
NP_416639.2,1,PF04893,Yip1
NP_416640.2,1,PF09335,VTT_dom
NP_416645.1,1,PF01207,Dus
NP_416646.1,1,PF03788,LrgA
NP_416647.1,1,PF04172,LrgB
NP_416649.1,1,PF02698,DUF218
NP_416650.1,1,PF10808,DUF2542
NP_416653.1,1,PF02653,BPD_transp_2
NP_416657.1,1,PF04235,DUF418
NP_416658.1,1,PF01227,GTP_cyclohydroI
NP_416663.1,1,PF03601,Cons_hypoth698
NP_416664.1,1,PF01261,AP_endonuc_2
NP_416667.1,1,PF01156,IU_nuc_hydro
NP_416670.1,1,PF04227,Indigoidine_A
NP_416671.1,1,PF00294,PfkB
NP_416673.1,1,PF00294,PfkB
NP_416675.1,1,PF07690,MFS_1
NP_416679.4,1,PF01569,PAP2
NP_416680.1,1,PF00877,NLPC_P60
NP_416682.4,1,PF00496,SBP_bac_5
NP_416683.1,1,PF00528,BPD_transp_1
NP_416684.1,1,PF00528,BPD_transp_1
NP_416686.1,1,PF13989,YejG
NP_416690.1,1,PF01386,Ribosomal_L25p
NP_416691.1,1,PF04245,NA37
NP_416692.1,1,PF07208,DUF1414
NP_416701.1,1,PF03100,CcmE
NP_416702.1,1,PF04995,CcmD
NP_416704.1,1,PF03379,CcmB
NP_416707.4,1,PF03892,NapB
NP_416711.1,1,PF03927,NapD
NP_416713.1,1,PF03974,Ecotin
NP_416715.1,1,PF00005,ABC_tran
NP_416716.1,1,PF13532,2OG-FeII_Oxy_2
NP_416718.1,1,PF02424,ApbE
NP_416725.1,1,PF01144,CoA_trans
NP_416726.1,1,PF01144,CoA_trans
NP_416727.1,1,PF02667,SCFA_trans
NP_416729.1,1,PF09906,DUF2135
NP_416732.4,1,PF06672,DUF1175
NP_416733.4,1,PF09909,DUF2138
NP_416738.1,1,PF00268,Ribonuc_red_sm
NP_416739.1,1,PF00111,Fer2
NP_416740.1,1,PF06293,Kdo
NP_416742.1,1,PF03009,GDPD
NP_416743.1,1,PF07690,MFS_1
NP_416745.1,1,PF00890,FAD_binding_2
NP_416748.1,1,PF03328,HpcH_HpaI
NP_416749.4,1,PF07690,MFS_1
NP_416752.1,1,PF00994,MoCF_biosynth
NP_416753.4,1,PF07437,YfaZ
NP_416754.1,1,PF00293,NUDIX
NP_416755.1,1,PF00300,His_Phos_1
NP_416759.1,1,PF01522,Polysacc_deac_1
NP_416762.2,1,PF11183,PmrD
NP_416768.4,1,PF00425,Chorismate_bind
NP_416774.2,1,PF04389,Peptidase_M28
NP_416775.1,1,PF08974,DUF1877
NP_416777.2,1,PF27222,YfbO
NP_416779.2,1,PF00361,Proton_antipo_M
NP_416780.1,1,PF00361,Proton_antipo_M
NP_416782.1,1,PF00420,Oxidored_q2
NP_416783.1,1,PF00499,Oxidored_q3
NP_416785.1,1,PF00146,NADHdh
NP_416788.1,1,PF01257,2Fe-2S_thioredx
NP_416790.1,1,PF01058,Oxidored_q6
NP_416791.3,1,PF00507,Oxidored_q4
NP_416797.2,1,PF03887,YfbU
NP_416798.1,1,PF04217,DUF412
NP_416799.1,1,PF00871,Acetate_kinase
NP_416801.2,1,PF03606,DcuC
NP_416802.1,1,PF00293,NUDIX
NP_416806.1,1,PF02152,FolB
NP_416810.1,1,PF00528,BPD_transp_1
NP_416811.1,1,PF00528,BPD_transp_1
NP_416812.1,1,PF00497,SBP_bac_3
NP_416813.1,1,PF00497,SBP_bac_3
NP_416814.1,1,PF02441,Flavoprotein
NP_416816.1,1,PF02674,Colicin_V
NP_416817.2,1,PF05036,SPOR
NP_416820.1,1,PF09335,VTT_dom
NP_416821.1,1,PF01416,PseudoU_synth_1
NP_416824.1,1,PF27202,Flk_N
NP_416825.1,1,PF07690,MFS_1
NP_416828.1,1,PF08891,YfcL
NP_416829.1,1,PF04315,EpmC
NP_416830.1,1,PF01925,TauE
NP_416831.1,1,PF03411,Peptidase_M74
NP_416832.1,1,PF01264,Chorismate_synt
NP_416834.1,1,PF01713,Smr
NP_416835.2,1,PF11245,DUF2544
NP_416836.1,1,PF00419,Fimbrial
NP_416837.1,1,PF00419,Fimbrial
NP_416838.1,1,PF00419,Fimbrial
NP_416841.1,1,PF00419,Fimbrial
NP_416842.1,1,PF00300,His_Phos_1
NP_416845.2,1,PF04175,DUF406
NP_416846.2,1,PF03349,Toluene_X
NP_416848.1,1,PF04333,MlaA
NP_416849.1,1,PF01226,Form_Nir_trans
NP_416851.1,1,PF04138,GtrA_DPMS_TM
NP_416852.1,1,PF00535,Glycos_transf_2
NP_416853.1,1,PF27133,YfdI_N
NP_416855.1,1,PF02413,Caudo_TAP
NP_416858.1,1,PF06069,PerC
NP_416860.4,1,PF27127,YfdP
NP_416861.1,1,PF10065,DUF2303
NP_416863.1,1,PF04448,DUF551
NP_416866.1,1,PF02447,GntP_permease
NP_416867.1,1,PF00291,PALP
NP_416872.4,1,PF02515,CoA_transf_3
NP_416873.1,1,PF03547,Mem_trans
NP_416875.1,1,PF02515,CoA_transf_3
NP_416876.1,1,PF10938,YfdX
NP_416878.1,1,PF10810,DUF2545
NP_416879.4,1,PF03279,Lip_A_acyltrans
NP_416880.1,1,PF00155,Aminotran_1_2
NP_416887.1,1,PF02378,PTS_EIIC
NP_416889.1,1,PF02685,Glucokinase
NP_416890.1,1,PF00654,Voltage_CLC
NP_416891.1,1,PF10697,DUF2502
NP_416893.1,1,PF01566,Nramp
NP_416895.2,1,PF01609,DDE_Tnp_1
NP_416897.2,1,PF07037,YfeC-like
NP_416902.1,1,PF01048,PNP_UDP_1
NP_416903.1,1,PF03502,Channel_Tsx
NP_416907.1,1,PF04354,ZipA_C
NP_416908.1,1,PF07264,EI24
NP_416909.1,1,PF00291,PALP
NP_416910.1,1,PF00381,PTS-HPr
NP_416912.1,1,PF00358,PTS_EIIA_1
NP_416914.1,1,PF17263,DUF5329
NP_416915.1,1,PF05406,WGR
NP_416916.1,1,PF00291,PALP
NP_416919.1,1,PF00528,BPD_transp_1
NP_416925.2,1,PF00144,Beta-lactamase
NP_416927.1,1,PF06572,DUF1131
NP_416928.4,1,PF11143,DUF2919
NP_416930.1,1,PF01520,Amidase_3
NP_416931.1,1,PF01218,Coprogen_oxidas
NP_416934.1,1,PF00936,BMC
NP_416935.1,1,PF05985,EutC
NP_416936.4,1,PF06751,EutB
NP_416941.1,1,PF20901,Sf6_terminase
NP_416946.1,1,PF06277,EutA
NP_416947.1,1,PF04346,EutH
NP_416950.1,1,PF00171,Aldedh
NP_416951.1,1,PF03319,EutN_CcmL
NP_416952.2,1,PF00936,BMC
NP_416953.1,1,PF01515,PTA_PTB
NP_416954.1,1,PF01923,Cob_adeno_trans
NP_416957.4,1,PF00936,BMC
NP_416959.1,1,PF00923,TAL_FSA
NP_416961.1,1,PF06674,DUF1176
NP_416966.1,1,PF03960,ArsC
NP_416970.1,1,PF04228,Zn_peptidase
NP_416971.1,1,PF01259,SAICAR_synt
NP_416972.4,1,PF06804,Lipoprotein_18
NP_416973.1,1,PF00701,DHDPS
NP_416977.1,1,PF00361,Proton_antipo_M
NP_416978.4,1,PF00146,NADHdh
NP_416980.1,1,PF00420,Oxidored_q2
NP_416984.1,1,PF01058,Oxidored_q6
NP_416985.4,1,PF07450,HycH
NP_416987.1,1,PF01226,Form_Nir_trans
NP_416988.1,1,PF01594,AI-2E_transport
NP_416992.1,1,PF00860,Xan_ur_permease
NP_416995.1,1,PF00551,Formyl_trans_N
NP_416999.1,1,PF11119,DUF2633
NP_417001.1,1,PF17358,DUF5384
NP_417005.2,1,PF07191,Zn_ribbon_6
NP_417008.1,1,PF09976,TPR_21
NP_417013.1,1,PF00334,NDK
NP_417016.4,1,PF00581,Rhodanese
NP_417019.1,1,PF04384,Fe-S_assembly
NP_417022.1,1,PF07743,HSCB_C
NP_417023.1,1,PF01521,Fe-S_biosyn
NP_417024.1,1,PF01592,NifU_N
NP_417026.1,1,PF02082,Rrf2
NP_417027.1,1,PF00588,SpoU_methylase
NP_417028.1,1,PF00459,Inositol_P
NP_417030.2,1,PF00874,PRD
NP_417034.1,1,PF00866,Ring_hydroxyl_B
NP_417039.1,1,PF01263,Aldose_epim
NP_417041.1,1,PF02653,BPD_transp_2
NP_417045.4,1,PF00480,ROK
NP_417048.1,1,PF00543,P-II
NP_417050.1,1,PF13942,Lipoprotein_20
NP_417055.4,1,PF12710,HAD
NP_417058.1,1,PF01648,ACPS
NP_417059.1,1,PF03740,PdxJ
NP_417063.1,1,PF10502,Peptidase_S26
NP_417065.1,1,PF04246,RseC_MucC
NP_417073.1,1,PF01810,LysE
NP_417074.1,1,PF01228,Gly_radical
NP_417075.1,1,PF03167,UDG
NP_417078.4,1,PF03942,DTW
NP_417081.2,1,PF10043,DUF2279
NP_417084.1,1,PF02578,Cu-oxidase_4
NP_417088.1,1,PF02482,Ribosomal_S30AE
NP_417089.1,1,PF28163,PheL
NP_417092.1,1,PF00793,DAHP_synth_1
NP_417093.2,1,PF10973,DUF2799
NP_417094.1,1,PF13689,DUF4154
NP_417096.1,1,PF00691,OmpA
NP_417097.1,1,PF01245,Ribosomal_L19
NP_417098.1,1,PF01746,tRNA_m1G_MT
NP_417100.1,1,PF00886,Ribosomal_S16
NP_417102.4,1,PF01578,Cytochrom_C_asm
NP_417104.1,1,PF01025,GrpE
NP_417107.2,1,PF04355,BamE
NP_417108.4,1,PF03658,Ub-RnfH
NP_417110.1,1,PF01668,SmpB
NP_417113.1,1,PF05930,Phage_AlpA
NP_417114.1,1,PF13148,DUF3987
NP_417118.1,1,PF07510,GmrSD_C
NP_417120.2,1,PF15933,RnlB_antitoxin
NP_417122.1,1,PF06067,DUF932
NP_417124.4,1,PF20494,YfjS_YafY
NP_417125.1,1,PF27224,YfjT
NP_417130.1,1,PF03230,Antirestrict
NP_417131.1,1,PF04002,RadC
NP_417132.1,1,PF06154,CbeA_antitoxin
NP_417133.1,1,PF06755,CbtA_toxin
NP_417146.2,1,PF01266,DAO
NP_417147.1,1,PF00171,Aldedh
NP_417148.1,1,PF00202,Aminotran_3
NP_417152.1,1,PF01679,Pmp3
NP_417156.1,1,PF06610,AlaE
NP_417157.1,1,PF09400,DUF2002
NP_417159.1,1,PF00462,Glutaredoxin
NP_417160.1,1,PF07972,Flavodoxin_NdrI
NP_417162.1,1,PF00268,Ribonuc_red_sm
NP_417164.1,1,PF00528,BPD_transp_1
NP_417165.1,1,PF04069,OpuAC
NP_417167.1,1,PF03591,AzlC
NP_417168.1,1,PF05437,AzlD
NP_417172.1,1,PF02664,LuxS
NP_417173.1,1,PF04262,Glu_cys_ligase
NP_417174.1,1,PF09335,VTT_dom
NP_417176.1,1,PF02599,CsrA
NP_417180.1,1,PF02464,CinA
NP_417181.1,1,PF13406,SLT_2
NP_417184.1,1,PF03829,PTSIIA_gutA
NP_417186.1,1,PF06923,GutM
NP_417196.1,1,PF00232,Glyco_hydro_1
NP_417197.1,1,PF01750,HycI
NP_417198.1,1,PF07450,HycH
NP_417199.1,1,PF01058,Oxidored_q6
NP_417202.1,1,PF00146,NADHdh
NP_417203.1,1,PF00361,Proton_antipo_M
NP_417205.1,1,PF11046,HycA_repressor
NP_417206.1,1,PF01155,HypA
NP_417207.1,1,PF02492,cobW
NP_417208.1,1,PF01455,HupF_HypC
NP_417209.1,1,PF01924,HypD
NP_417212.1,1,PF11756,YgbA_NO
NP_417214.1,1,PF00149,Metallophos
NP_417218.1,1,PF00596,Aldolase_II
NP_417219.1,1,PF01261,AP_endonuc_2
NP_417224.1,1,PF01975,SurE
NP_417225.1,1,PF01142,TruD
NP_417226.1,1,PF02542,YgbB
NP_417228.1,1,PF04977,DivIC
NP_417229.1,1,PF12084,DUF3561
NP_417232.1,1,PF01507,PAPS_reduct
NP_417234.2,1,PF09707,Cas_Cas2CT1978
NP_417235.1,1,PF01867,Cas_Cas1
NP_417236.1,1,PF08798,CRISPR_assoc
NP_417237.2,1,PF09704,Cas_Cas5d
NP_417238.1,1,PF09344,Cas_CT1975
NP_417239.1,1,PF09485,CRISPR_Cse2
NP_417240.1,1,PF09481,CRISPR_Cse1
NP_417242.1,1,PF01507,PAPS_reduct
NP_417245.1,1,PF01242,PTPS
NP_417248.1,1,PF04309,G3P_antiterm
NP_417250.4,1,PF01012,ETF
NP_417255.1,1,PF07690,MFS_1
NP_417257.1,1,PF04055,Radical_SAM
NP_417258.4,1,PF04536,TPM_phosphatase
NP_417262.1,1,PF02452,PemK_toxin
NP_417263.1,1,PF04014,MazE_antitoxin
NP_417267.1,1,PF13378,MR_MLE_C
NP_417269.1,1,PF07690,MFS_1
NP_417270.1,1,PF00258,Flavodoxin_1
NP_417271.1,1,PF00849,PseudoU_synth_2
NP_417272.1,1,PF04287,DUF446
NP_417273.1,1,PF07348,Syd
NP_417280.1,1,PF00596,Aldolase_II
NP_417284.1,1,PF05025,RbsD_FucU
NP_417287.1,1,PF04241,DUF423
NP_417289.2,1,PF06004,DUF903
NP_417290.1,1,PF00266,Aminotran_5
NP_417291.1,1,PF02657,SufE
NP_417292.1,1,PF00899,ThiF
NP_417301.4,1,PF10713,DUF2509
NP_417303.1,1,PF07963,N_methyl
NP_417304.1,1,PF00303,Thymidylat_synt
NP_417305.1,1,PF01790,LGT
NP_417307.1,1,PF00293,NUDIX
NP_417308.1,1,PF02976,MutH
NP_417309.1,1,PF03741,TerC
NP_417310.1,1,PF06004,DUF903
NP_417311.1,1,PF00248,Aldo_ket_red
NP_417312.1,1,PF07690,MFS_1
NP_417317.1,1,PF01177,Asp_Glu_race
NP_417320.1,1,PF04962,KduI
NP_417322.1,1,PF03222,Trp_Tyr_perm
NP_417324.1,1,PF00486,Trans_reg_C
NP_417325.4,1,PF27292,YqeJ_C
NP_417328.1,1,PF07720,TPR_3
NP_417329.1,1,PF00486,Trans_reg_C
NP_417338.3,1,PF01527,HTH_Tnp_1
NP_417347.1,1,PF00291,PALP
NP_417350.1,1,PF00696,AA_kinase
NP_417352.2,1,PF19842,YqeC
NP_417353.1,1,PF12804,NTP_transf_3
NP_417355.4,1,PF01979,Amidohydro_1
NP_417356.1,1,PF00941,FAD_binding_5
NP_417358.2,1,PF00860,Xan_ur_permease
NP_417364.2,1,PF00860,Xan_ur_permease
NP_417365.1,1,PF00293,NUDIX
NP_417371.1,1,PF00258,Flavodoxin_1
NP_417372.1,1,PF07254,Cpta_toxin
NP_417373.1,1,PF03937,Sdh5
NP_417374.1,1,PF21130,YgfZ_barrel
NP_417375.1,1,PF03006,HlyIII
NP_417376.1,1,PF04266,ASCH
NP_417377.1,1,PF00232,Glyco_hydro_1
NP_417380.1,1,PF01597,GCV_H
NP_417385.4,1,PF03695,UPF0149
NP_417386.1,1,PF05164,ZapA
NP_417387.3,1,PF01812,5-FTHF_cyc-lig
NP_417389.1,1,PF06026,Rib_5-P_isom_A
NP_417397.1,1,PF04402,SIMPL
NP_417398.1,1,PF01810,LysE
NP_417400.1,1,PF01116,F_bP_aldolase
NP_417401.1,1,PF00162,PGK
NP_417404.1,1,PF05068,MtlR
NP_417405.1,1,PF03320,FBPase_glpX
NP_417409.1,1,PF00359,PTS_EIIA_2
NP_417411.2,1,PF01435,Peptidase_M48
NP_417412.1,1,PF00491,Arginase
NP_417414.2,1,PF11036,YqgB
NP_417415.1,1,PF17430,YqgC
NP_417420.1,1,PF04231,Endonuclease_1
NP_417423.4,1,PF02622,DUF179
NP_417424.1,1,PF03652,RuvX
NP_417425.2,1,PF00437,T2SSE
NP_417426.1,1,PF01168,Ala_racemase_N
NP_417427.1,1,PF02325,CCB3_YggT
NP_417428.2,1,PF02594,DUF167
NP_417429.1,1,PF01725,Ham1p_like
NP_417431.1,1,PF06717,DUF1202
NP_417433.1,1,PF11101,DUF2884
NP_417434.4,1,PF04320,YggL_50S_bp
NP_417435.1,1,PF02390,Methyltransf_4
NP_417437.1,1,PF04362,Iron_traffic
NP_417441.1,1,PF04474,DUF554
NP_417442.1,1,PF04612,T2SSM
NP_417445.1,1,PF16549,T2SSS_2
NP_417449.1,1,PF02652,Lactate_perm
NP_417451.1,1,PF03928,HbpS-like
NP_417461.1,1,PF01384,PHO4
NP_417464.1,1,PF01455,HupF_HypC
NP_417465.1,1,PF01155,HypA
NP_417466.1,1,PF11939,NiFe-hyd_HybE
NP_417467.1,1,PF01750,HycI
NP_417469.1,1,PF03916,NrfD
NP_417472.1,1,PF11115,DUF2623
NP_417474.1,1,PF00248,Aldo_ket_red
NP_417475.1,1,PF03350,UPF0114
NP_417478.1,1,PF02472,ExbD
NP_417479.1,1,PF01618,MotA_ExbB
NP_417481.1,1,PF01053,Cys_Met_Meta_PP
NP_417482.1,1,PF09335,VTT_dom
NP_417485.4,1,PF00248,Aldo_ket_red
NP_417487.1,1,PF04728,LPP
NP_417490.1,1,PF01553,Acyltransferase
NP_417492.1,1,PF00496,SBP_bac_5
NP_417493.1,1,PF15731,MqsA_antitoxin
NP_417494.1,1,PF15723,MqsR_toxin
NP_417496.1,1,PF04076,BOF
NP_417499.1,1,PF10840,DUF2645
NP_417500.1,1,PF02525,Flavodoxin_2
NP_417501.1,1,PF03992,ABM
NP_417503.1,1,PF05728,UPF0227
NP_417505.1,1,PF06853,DUF1249
NP_417506.1,1,PF00293,NUDIX
NP_417507.2,1,PF02321,OEP
NP_417509.3,1,PF06693,DUF1190
NP_417510.1,1,PF03738,GSP_synth
NP_417511.3,1,PF02900,LigB
NP_417512.1,1,PF02535,Zip
NP_417513.1,1,PF00926,DHBP_synthase
NP_417514.4,1,PF04380,BMFP
NP_417515.1,1,PF00419,Fimbrial
NP_417516.3,1,PF01527,HTH_Tnp_1
NP_417521.1,1,PF08971,GlgS
NP_417527.1,1,PF08239,SH3_3
NP_417529.1,1,PF02673,BacA
NP_417530.2,1,PF02152,FolB
NP_417531.1,1,PF02660,G3P_acyltransf
NP_417533.1,1,PF05681,Fumerase
NP_417534.1,1,PF05683,Fumerase_C
NP_417537.1,1,PF01165,Ribosomal_S21
NP_417540.1,1,PF03167,UDG
NP_417542.1,1,PF03551,PadR
NP_417544.5,1,PF00202,Aminotran_3
NP_417545.1,1,PF01588,tRNA_bind
NP_417548.1,1,PF04074,DUF386
NP_417550.1,1,PF27458,YgjJ
NP_417553.1,1,PF01381,HTH_3
NP_417554.1,1,PF09907,HigB_toxin
NP_417556.2,1,PF01863,YgjP-like
NP_417557.1,1,PF02698,DUF218
NP_417560.1,1,PF00375,SDF
NP_417561.1,1,PF10688,Imp-YgjV
NP_417563.1,1,PF02614,UxaC
NP_417564.2,1,PF07690,MFS_1
NP_417566.1,1,PF09335,VTT_dom
NP_417567.1,1,PF13721,SecD-TM1
NP_417568.2,1,PF06476,DUF1090
NP_417570.1,1,PF07332,Phage_holin_3_6
NP_417571.1,1,PF13997,YqjK
NP_417572.2,1,PF07681,DoxX
NP_417574.1,1,PF05656,DUF805
NP_417575.1,1,PF05656,DUF805
NP_417583.4,1,PF01042,Ribonuc_L-PSP
NP_417585.2,1,PF00871,Acetate_kinase
NP_417586.1,1,PF03222,Trp_Tyr_perm
NP_417587.1,1,PF00291,PALP
NP_417590.2,1,PF27690,UCP004546
NP_417593.4,1,PF02595,Gly_kinase
NP_417595.1,1,PF03328,HpcH_HpaI
NP_417598.1,1,PF15937,PrlF_antitoxin
NP_417599.1,1,PF11663,Toxin_YhaV
NP_417601.1,1,PF08013,GatZ_KbaZ-like
NP_417602.4,1,PF03830,PTSIIB_sorb
NP_417605.1,1,PF01380,SIS
NP_417606.1,1,PF01116,F_bP_aldolase
NP_417607.1,1,PF03830,PTSIIB_sorb
NP_417608.1,1,PF03609,EII-Sor
NP_417609.1,1,PF03613,EIID-AGA
NP_417610.1,1,PF01182,Glucosamine_iso
NP_417611.1,1,PF00419,Fimbrial
NP_417614.1,1,PF00419,Fimbrial
NP_417616.1,1,PF04348,LppC
NP_417617.1,1,PF02021,UPF0102
NP_417619.1,1,PF04972,BON
NP_417620.1,1,PF03773,ArsP_1
NP_417622.2,1,PF01965,DJ-1_PfpI
NP_417624.1,1,PF01541,GIY-YIG
NP_417627.1,1,PF01136,Peptidase_U32
NP_417628.2,1,PF01136,Peptidase_U32
NP_417629.1,1,PF00296,Bac_luciferase
NP_417630.1,1,PF03222,Trp_Tyr_perm
NP_417634.1,1,PF00312,Ribosomal_S15
NP_417636.1,1,PF02033,RBFA
NP_417641.4,1,PF00884,Sulfatase
NP_417642.1,1,PF03840,SecG
NP_417644.4,1,PF00809,Pterin_bind
NP_417646.1,1,PF01728,FtsJ
NP_417647.1,1,PF01985,CRS1_YhbY
NP_417651.1,1,PF00892,EamA
NP_417652.1,1,PF01016,Ribosomal_L27
NP_417653.1,1,PF00829,Ribosomal_L21p
NP_417654.1,1,PF00348,polyprenyl_synt
NP_417655.1,1,PF13693,HTH_35
NP_417656.1,1,PF00275,EPSP_synthase
NP_417657.2,1,PF01722,BolA
NP_417659.1,1,PF05494,MlaC
NP_417660.1,1,PF02470,MlaD
NP_417661.1,1,PF02405,MlaE
NP_417663.1,1,PF01699,Na_Ca_ex
NP_417665.1,1,PF08282,Hydrolase_3
NP_417666.1,1,PF06835,LptC
NP_417667.1,1,PF03968,LptD_N
NP_417670.1,1,PF02482,Ribosomal_S30AE
NP_417671.1,1,PF00359,PTS_EIIA_2
NP_417673.1,1,PF00381,PTS-HPr
NP_417674.1,1,PF10707,YrbL-PhoP_reg
NP_417675.1,1,PF00912,Transgly
NP_417681.1,1,PF06551,DUF1120
NP_417682.1,1,PF00345,PapD_N
NP_417686.1,1,PF06551,DUF1120
NP_417688.1,1,PF04074,DUF386
NP_417689.4,1,PF00480,ROK
NP_417690.1,1,PF04131,NanE
NP_417692.1,1,PF00701,DHDPS
NP_417694.1,1,PF03606,DcuC
NP_417695.1,1,PF04386,SspB
NP_417697.1,1,PF00380,Ribosomal_S9
NP_417698.1,1,PF00572,Ribosomal_L13
NP_417699.1,1,PF03969,AFG1_ATPase
NP_417700.2,1,PF06295,ZapG-like
NP_417705.2,1,PF07338,YdgH_BhsA-like
NP_417706.1,1,PF01337,Barstar
NP_417709.2,1,PF07869,DUF1656
NP_417714.1,1,PF02545,Maf
NP_417715.1,1,PF04093,MreD
NP_417716.1,1,PF04085,MreC
NP_417721.1,1,PF00364,Biotin_lipoyl
NP_417723.1,1,PF06196,DUF997
NP_417724.4,1,PF00474,SSF
NP_417729.1,1,PF10831,DUF2556
NP_417736.2,1,PF00528,BPD_transp_1
NP_417739.1,1,PF07369,DUF1488
NP_417741.1,1,PF01300,Sua5_yciO_yrdC
NP_417743.1,1,PF04361,DUF494
NP_417745.1,1,PF01327,Pep_deformylase
NP_417749.1,1,PF01741,MscL
NP_417752.1,1,PF09350,DJC28_CD
NP_417753.1,1,PF01196,Ribosomal_L17
NP_417756.1,1,PF00411,Ribosomal_S11
NP_417757.1,1,PF00416,Ribosomal_S13
NP_417758.1,1,PF00444,Ribosomal_L36
NP_417759.1,1,PF00344,SecY
NP_417760.1,1,PF00828,Ribosomal_L27A
NP_417761.1,1,PF00327,Ribosomal_L30
NP_417763.1,1,PF00861,Ribosomal_L18p
NP_417764.1,1,PF00347,Ribosomal_L6
NP_417765.1,1,PF00410,Ribosomal_S8
NP_417766.1,1,PF00253,Ribosomal_S14
NP_417769.1,1,PF00238,Ribosomal_L14
NP_417770.1,1,PF00366,Ribosomal_S17
NP_417771.1,1,PF00831,Ribosomal_L29
NP_417772.1,1,PF00252,Ribosomal_L16
NP_417774.1,1,PF00237,Ribosomal_L22
NP_417775.1,1,PF00203,Ribosomal_S19
NP_417777.1,1,PF00276,Ribosomal_L23
NP_417778.1,1,PF00573,Ribosomal_L4
NP_417779.1,1,PF00297,Ribosomal_L3
NP_417780.1,1,PF00338,Ribosomal_S10
NP_417783.1,1,PF11356,T2SSC
NP_417793.2,1,PF04612,T2SSM
NP_417794.1,1,PF01478,Peptidase_A24
NP_417795.1,1,PF00210,Ferritin
NP_417796.1,1,PF04324,Fer2_BFD
NP_417800.1,1,PF00177,Ribosomal_S7
NP_417801.1,1,PF00164,Ribosom_S12_S23
NP_417802.1,1,PF04077,DsrH
NP_417803.1,1,PF02635,DsrE
NP_417804.1,1,PF02635,DsrE
NP_417807.1,1,PF04102,SlyX
NP_417808.1,1,PF00254,FKBP_C
NP_417810.1,1,PF02525,Flavodoxin_2
NP_417813.1,1,PF06794,UPF0270
NP_417814.1,1,PF00485,PRK
NP_417815.1,1,PF02566,OsmC
NP_417820.1,1,PF02661,Fic
NP_417821.1,1,PF10832,YhfG
NP_417822.1,1,PF00160,Pro_isomerase
NP_417823.1,1,PF07690,MFS_1
NP_417825.1,1,PF13806,Rieske_2
NP_417828.1,1,PF13978,DUF4223
NP_417830.4,1,PF01380,SIS
NP_417833.1,1,PF00294,PfkB
NP_417836.1,1,PF10797,YhfT
NP_417837.2,1,PF10941,DUF2620
NP_417838.1,1,PF02126,PTE
NP_417843.1,1,PF00579,tRNA-synt_1b
NP_417846.1,1,PF02086,MethyltransfD12
NP_417847.1,1,PF05036,SPOR
NP_417851.4,1,PF10748,HofP
NP_417852.1,1,PF25319,HofO
NP_417853.1,1,PF05137,PilN
NP_417856.1,1,PF00293,NUDIX
NP_417857.1,1,PF07095,IgaA
NP_417860.2,1,PF01430,HSP33
NP_417861.1,1,PF13687,DUF4153
NP_417862.1,1,PF01293,PEPCK_ATP
NP_417867.1,1,PF04023,FeoA
NP_417872.2,1,PF00156,Pribosyltran
NP_417879.1,1,PF01139,RtcB
NP_417883.1,1,PF00581,Rhodanese
NP_417886.1,1,PF00343,Phosphorylase
NP_417892.1,1,PF01914,MarC
NP_417899.1,1,PF05638,T6SS_HCP
NP_417902.1,1,PF03400,DDE_Tnp_IS1
NP_417903.1,1,PF15567,Imm35
NP_417904.1,1,PF01019,G_glu_transpept
NP_417905.1,1,PF10956,DUF2756
NP_417906.1,1,PF03009,GDPD
NP_417908.1,1,PF00528,BPD_transp_1
NP_417909.1,1,PF00528,BPD_transp_1
NP_417914.1,1,PF02653,BPD_transp_2
NP_417922.1,1,PF03602,Cons_hypoth95
NP_417923.1,1,PF06611,DUF1145
NP_417924.1,1,PF10694,DUF2500
NP_417925.1,1,PF07947,YhhN
NP_417927.1,1,PF01206,TusA
NP_417928.1,1,PF02592,Vut_1
NP_417929.4,1,PF08786,DcrB
NP_417930.2,1,PF07690,MFS_1
NP_417931.4,1,PF01594,AI-2E_transport
NP_417932.1,1,PF01648,ACPS
NP_417933.1,1,PF00496,SBP_bac_5
NP_417935.1,1,PF00528,BPD_transp_1
NP_417936.1,1,PF00005,ABC_tran
NP_417940.2,1,PF15631,Imm-NTF2-2
NP_417945.1,1,PF13258,DUF4049
NP_417948.4,1,PF10951,DUF2776
NP_417950.1,1,PF01384,PHO4
NP_417951.1,1,PF10625,UspB
NP_417952.1,1,PF00582,Usp
NP_417954.1,1,PF04445,SAM_MT
NP_417956.1,1,PF04378,RsmJ
NP_417960.1,1,PF03960,ArsC
NP_417963.4,1,PF03843,Slp
NP_417964.1,1,PF00196,GerE
NP_417966.4,1,PF06411,HdeA
NP_417967.1,1,PF06411,HdeA
NP_417968.1,1,PF03729,DUF308
NP_417969.1,1,PF00196,GerE
NP_417974.1,1,PF00282,Pyridoxal_deC
NP_417979.1,1,PF03631,Virul_fac_BrkB
NP_417981.2,1,PF05170,AsmA
NP_417982.2,1,PF00563,EAL
NP_417983.2,1,PF00294,PfkB
NP_417985.1,1,PF00375,SDF
NP_417988.1,1,PF01270,Glyco_hydro_8
NP_417989.1,1,PF03170,BcsB
NP_417992.1,1,PF10945,CBP_BcsR
NP_417993.1,1,PF10995,CBP_BcsE
NP_417994.2,1,PF11120,CBP_BcsF
NP_417995.1,1,PF11658,CBP_BcsG
NP_417996.1,1,PF03222,Trp_Tyr_perm
NP_418001.1,1,PF00496,SBP_bac_5
NP_418003.1,1,PF07690,MFS_1
NP_418004.4,1,PF03797,Autotransporter
NP_418005.1,1,PF03352,Adenine_glyco
NP_418010.2,1,PF11254,DUF3053
NP_418011.1,1,PF01381,HTH_3
NP_418017.1,1,PF02091,tRNA-synt_2e
NP_418018.1,1,PF01757,Acyl_transf_3
NP_418019.4,1,PF05360,YiaAB
NP_418020.2,1,PF05360,YiaAB
NP_418022.1,1,PF27526,XylA2_C
NP_418025.1,1,PF02653,BPD_transp_2
NP_418028.1,1,PF00128,Alpha-amylase
NP_418032.1,1,PF02615,Ldh_2
NP_418033.1,1,PF04074,DUF386
NP_418034.1,1,PF04290,DctQ
NP_418036.1,1,PF03480,DctP
NP_418038.1,1,PF00215,OMPdecase
NP_418039.2,1,PF01261,AP_endonuc_2
NP_418040.1,1,PF00596,Aldolase_II
NP_418041.1,1,PF06629,MipA
NP_418044.1,1,PF11742,DUF3302
NP_418045.4,1,PF00171,Aldedh
NP_418055.1,1,PF11742,DUF3302
NP_418058.1,1,PF05068,MtlR
NP_418059.1,1,PF10928,DUF2810
NP_418060.1,1,PF02652,Lactate_perm
NP_418062.1,1,PF01070,FMN_dh
NP_418063.1,1,PF00588,SpoU_methylase
NP_418066.1,1,PF02556,SecB
NP_418068.1,1,PF00581,Rhodanese
NP_418070.6,1,PF01551,Peptidase_M23
NP_418071.4,1,PF04748,Polysacc_deac_2
NP_418075.2,1,PF09612,HtrL_YibB
NP_418077.1,1,PF01075,Glyco_transf_9
NP_418078.1,1,PF01075,Glyco_transf_9
NP_418079.1,1,PF04932,Wzy_C
NP_418080.1,1,PF01075,Glyco_transf_9
NP_418081.1,1,PF27901,WaaZ_KDO_III
NP_418087.1,1,PF06293,Kdo
NP_418089.1,1,PF01075,Glyco_transf_9
NP_418093.1,1,PF00471,Ribosomal_L33
NP_418094.1,1,PF00830,Ribosomal_L28
NP_418099.1,1,PF00156,Pribosyltran
NP_418102.2,1,PF02498,Bro-N
NP_418103.4,1,PF03458,Gly_transporter
NP_418105.1,1,PF00625,Guanylate_kin
NP_418106.1,1,PF01192,RNA_pol_Rpb6
NP_418110.1,1,PF03616,Glt_symporter
NP_418111.1,1,PF00860,Xan_ur_permease
NP_418112.1,1,PF05170,AsmA
NP_418114.4,1,PF13347,MFS_2
NP_418116.1,1,PF00892,EamA
NP_418117.1,1,PF03180,Lipoprotein_9
NP_418118.2,1,PF07690,MFS_1
NP_418119.2,1,PF06711,DUF1198
NP_418120.2,1,PF00860,Xan_ur_permease
NP_418122.1,1,PF07690,MFS_1
NP_418123.2,1,PF07690,MFS_1
NP_418128.1,1,PF08049,IlvB_leader
NP_418131.1,1,PF02656,DUF202
NP_418132.1,1,PF02656,DUF202
NP_418133.1,1,PF27700,Uncharacterised_IM_YidI
NP_418135.1,1,PF00474,SSF
NP_418141.2,1,PF00011,HSP20
NP_418142.1,1,PF00011,HSP20
NP_418143.2,1,PF07119,DUF1375
NP_418148.1,1,PF05035,DGOK
NP_418153.4,1,PF20159,YidB
NP_418158.1,1,PF00468,Ribosomal_L34
NP_418159.1,1,PF00825,Ribonuclease_P
NP_418163.1,1,PF08053,Tna_leader
NP_418165.1,1,PF03222,Trp_Tyr_perm
NP_418170.1,1,PF00860,Xan_ur_permease
NP_418172.1,1,PF26516,CBRB
NP_418173.1,1,PF03691,UPF0167
NP_418177.1,1,PF00232,Glyco_hydro_1
NP_418180.1,1,PF01895,PhoU
NP_418182.1,1,PF00528,BPD_transp_1
NP_418183.1,1,PF00528,BPD_transp_1
NP_418184.1,1,PF12849,PBP_like_2
NP_418189.1,1,PF00231,ATP-synt
NP_418191.1,1,PF00213,OSCP
NP_418192.1,1,PF00430,ATP-synt_B
NP_418193.1,1,PF00137,ATP-synt_C
NP_418194.1,1,PF00119,ATP-synt_A
NP_418195.2,1,PF03899,ATP-synt_I
NP_418198.1,1,PF00258,Flavodoxin_1
NP_418200.1,1,PF03590,AsnA
NP_418204.2,1,PF05025,RbsD_FucU
NP_418206.1,1,PF02653,BPD_transp_2
NP_418213.1,1,PF04219,DUF413
NP_418215.1,1,PF08046,IlvGEDA_leader
NP_418217.1,1,PF13710,ACT_5
NP_418231.1,1,PF00953,Glycos_transf_4
NP_418232.2,1,PF02706,Wzz
NP_418241.1,1,PF06899,WzyE
NP_418242.1,1,PF03808,Glyco_tran_WecG
NP_418245.1,1,PF00884,Sulfatase
NP_418247.1,1,PF04375,HemX
NP_418248.1,1,PF02602,HEM4
NP_418251.1,1,PF01491,Frataxin_Cyay
NP_418254.2,1,PF01678,DAP_epimerase
NP_418255.1,1,PF04340,DUF484
NP_418260.1,1,PF01544,CorA
NP_418261.1,1,PF10947,DUF2628
NP_418265.1,1,PF02253,PLA1
NP_418271.1,1,PF00892,EamA
NP_418275.1,1,PF01048,PNP_UDP_1
NP_418276.1,1,PF02646,RmuC
NP_418278.1,1,PF02036,SCP2
NP_418280.4,1,PF02416,TatA_B_E
NP_418282.1,1,PF00902,TatC
NP_418284.1,1,PF02357,NusG
NP_418293.2,1,PF03205,MobB
NP_418294.1,1,PF12804,NTP_transf_3
NP_418295.1,1,PF06288,DUF1040
NP_418296.1,1,PF01636,APH
NP_418298.4,1,PF06097,DUF945
NP_418299.1,1,PF01553,Acyltransferase
NP_418302.1,1,PF04220,YihI
NP_418309.1,1,PF01261,AP_endonuc_2
NP_418310.1,1,PF07690,MFS_1
NP_418315.3,1,PF01263,Aldose_epim
NP_418316.4,1,PF07221,GlcNAc_2-epim
NP_418317.1,1,PF01791,DeoC
NP_418319.2,1,PF00294,PfkB
NP_418322.1,1,PF03631,Virul_fac_BrkB
NP_418323.1,1,PF02580,Tyr_Deacylase
NP_418325.4,1,PF01402,RHH_1
NP_418328.1,1,PF01292,Ni_hydr_CYTB
NP_418331.1,1,PF02634,FdhD-NarQ
NP_418332.1,1,PF12889,DUF3829
NP_418334.1,1,PF05343,Peptidase_M42
NP_418336.1,1,PF00359,PTS_EIIA_2
NP_418337.1,1,PF05336,rhaM
NP_418338.1,1,PF00596,Aldolase_II
NP_418343.1,1,PF06379,RhaT
NP_418345.2,1,PF03812,KdgT
NP_418351.1,1,PF00365,PFK
NP_418353.1,1,PF02611,CDH
NP_418354.1,1,PF00121,TIM
NP_418355.1,1,PF07305,DUF1454
NP_418356.1,1,PF05656,DUF805
NP_418357.1,1,PF04175,DUF406
NP_418358.1,1,PF00582,Usp
NP_418360.1,1,PF03320,FBPase_glpX
NP_418362.1,1,PF00230,MIP
NP_418363.1,1,PF06005,ZapB
NP_418364.1,1,PF03737,RraA-like
NP_418365.1,1,PF01040,UbiA
NP_418367.1,1,PF00227,Proteasome
NP_418368.1,1,PF05036,SPOR
NP_418371.1,1,PF01197,Ribosomal_L31
NP_418372.1,1,PF05708,Peptidase_C92
NP_418373.1,1,PF01340,MetJ
NP_418376.1,1,PF02219,MTHFR
NP_418377.1,1,PF00141,peroxidase
NP_418378.4,1,PF00892,EamA
NP_418379.1,1,PF06940,DUF1287
NP_418381.1,1,PF00923,TAL_FSA
NP_418388.1,1,PF02302,PTS_IIB
NP_418390.1,1,PF00884,Sulfatase
NP_418391.1,1,PF00311,PEPcase
NP_418394.3,1,PF00696,AA_kinase
NP_418399.1,1,PF07226,DUF1422
NP_418402.2,1,PF01177,Asp_Glu_race
NP_418405.1,1,PF00485,PRK
NP_418408.1,1,PF00584,SecE
NP_418411.1,1,PF00687,Ribosomal_L1
NP_418416.1,1,PF27200,YjaZ
NP_418418.2,1,PF05690,ThiG
NP_418420.4,1,PF00899,ThiF
NP_418421.1,1,PF02581,TMP-TENI
NP_418423.1,1,PF04353,Rsd_AlgQ
NP_418425.1,1,PF01208,URO-D
NP_418426.2,1,PF04493,Endonuclease_5
NP_418427.1,1,PF04222,DUF416
NP_418429.1,1,PF07356,DUF1481
NP_418430.2,1,PF13801,Metal_resist
NP_418437.1,1,PF04204,HTS
NP_418445.1,1,PF03575,Peptidase_S51
NP_418447.1,1,PF11656,DUF3811
NP_418449.1,1,PF00342,PGI
NP_418450.1,1,PF11106,YjbE
NP_418451.4,1,PF11102,YjbF
NP_418453.1,1,PF06082,YjbH
NP_418454.1,1,PF06146,PsiE
NP_418456.1,1,PF00528,BPD_transp_1
NP_418460.1,1,PF02264,LamB
NP_418461.1,1,PF07148,MalM
NP_418463.4,1,PF04345,Chor_lyase
NP_418464.1,1,PF01040,UbiA
NP_418466.1,1,PF01219,DAGK_prokar
NP_418468.3,1,PF01554,MatE
NP_418469.1,1,PF05532,CsbD
NP_418470.4,1,PF01475,FUR
NP_418472.1,1,PF10897,DUF2713
NP_418473.3,1,PF01207,Dus
NP_418474.4,1,PF09583,Phageshock_PspG
NP_418478.1,1,PF00155,Aminotran_1_2
NP_418479.1,1,PF03767,Acid_phosphat_B
NP_418480.1,1,PF01894,YjbQ
NP_418481.1,1,PF04237,YjbR
NP_418483.1,1,PF00436,SSB
NP_418484.4,1,PF15940,YjcB
NP_418488.1,1,PF00860,Xan_ur_permease
NP_418489.1,1,PF00999,Na_H_Exchanger
NP_418491.1,1,PF00474,SSF
NP_418492.1,1,PF04341,DUF485
NP_418497.1,1,PF03916,NrfD
NP_418499.1,1,PF03918,CcmH
NP_418501.1,1,PF00375,SDF
NP_418502.1,1,PF08238,Sel1
NP_418504.1,1,PF02321,OEP
NP_418508.1,1,PF00480,ROK
NP_418509.1,1,PF00834,Ribul_P_3_epim
NP_418510.1,1,PF02653,BPD_transp_2
NP_418514.1,1,PF02502,LacAB_rpiB
NP_418518.1,1,PF13238,AAA_18
NP_418520.1,1,PF00005,ABC_tran
NP_418522.1,1,PF06007,PhnJ
NP_418523.1,1,PF05861,PhnI
NP_418524.1,1,PF05845,PhnH
NP_418525.1,1,PF06754,PhnG
NP_418529.1,1,PF12974,Phosphonate-bd
NP_418534.4,1,PF13990,YjcZ
NP_418544.2,1,PF13347,MFS_2
NP_418545.1,1,PF09997,DUF2238
NP_418547.1,1,PF03605,DcuA_DcuB
NP_418548.1,1,PF00072,Response_reg
NP_418550.1,1,PF06902,Fer4_19
NP_418552.1,1,PF11080,GhoS
NP_418560.1,1,PF03091,CutA1
NP_418564.2,1,PF04186,FxsA
NP_418566.1,1,PF00166,Cpn10
NP_418567.1,1,PF00118,Cpn60_TCP1
NP_418568.2,1,PF13698,DUF4156
NP_418569.1,1,PF15922,YjeJ
NP_418572.4,1,PF00893,Multi_Drug_Res
NP_418574.1,1,PF00144,Beta-lactamase
NP_418575.1,1,PF02313,Fumarate_red_D
NP_418576.1,1,PF02300,Fumarate_red_C
NP_418579.2,1,PF00152,tRNA-synt_2
NP_418582.1,1,PF10840,DUF2645
NP_418586.4,1,PF00929,RNase_T
NP_418589.1,1,PF02367,TsaE
NP_418593.1,1,PF17209,Hfq
NP_418596.1,1,PF01145,Band_7
NP_418597.1,1,PF09838,DUF2065
NP_418598.1,1,PF00709,Adenylsucc_synt
NP_418599.1,1,PF02082,Rrf2
NP_418602.1,1,PF09938,DUF2170
NP_418603.1,1,PF04012,PspA_IM30
NP_418604.1,1,PF10679,DUF2491
NP_418605.1,1,PF03994,DUF350
NP_418606.1,1,PF06693,DUF1190
NP_418607.1,1,PF03738,GSP_synth
NP_418609.4,1,PF07338,YdgH_BhsA-like
NP_418610.4,1,PF07338,YdgH_BhsA-like
NP_418614.4,1,PF03611,EIIC-GAT
NP_418615.1,1,PF02302,PTS_IIB
NP_418616.1,1,PF00359,PTS_EIIA_2
NP_418617.1,1,PF00215,OMPdecase
NP_418618.1,1,PF01261,AP_endonuc_2
NP_418619.1,1,PF00596,Aldolase_II
NP_418620.1,1,PF07338,YdgH_BhsA-like
NP_418621.5,1,PF01250,Ribosomal_S6
NP_418623.1,1,PF01084,Ribosomal_S18
NP_418625.1,1,PF10887,DUF2686
NP_418631.2,1,PF00892,EamA
NP_418633.4,1,PF01638,HxlR
NP_418635.1,1,PF00459,Inositol_P
NP_418637.1,1,PF09695,YtfJ_HI0045
NP_418638.2,1,PF06526,DUF1107
NP_418640.1,1,PF01625,PMSR
NP_418643.1,1,PF06094,GGACT
NP_418645.2,1,PF04014,MazE_antitoxin
NP_418646.1,1,PF02452,PemK_toxin
NP_418647.1,1,PF00719,Pyrophosphatase
NP_418651.3,1,PF02653,BPD_transp_2
NP_418652.2,1,PF02653,BPD_transp_2
NP_418655.1,1,PF04751,DarP
NP_418658.1,1,PF13353,Fer4_12
NP_418660.1,1,PF00128,Alpha-amylase
NP_418664.2,1,PF01042,Ribonuc_L-PSP
NP_418667.1,1,PF08052,PyrBI_leader
NP_418669.1,1,PF01042,Ribonuc_L-PSP
NP_418672.4,1,PF00440,TetR_N
NP_418673.4,1,PF04074,DUF386
NP_418674.2,1,PF13981,SopA
NP_418676.1,1,PF06877,RraB
NP_418680.1,1,PF04364,DNA_pol3_chi
NP_418682.1,1,PF03739,LptF_LptG
NP_418683.4,1,PF03739,LptF_LptG
NP_418689.1,1,PF01202,SKI
NP_418692.2,1,PF01527,HTH_Tnp_1
NP_418697.1,1,PF13817,DDE_Tnp_IS66_C
NP_418708.1,1,PF01032,FecCD
NP_418710.4,1,PF01497,Peripla_BP_2
NP_418715.2,1,PF04198,Sugar-bind
NP_418718.4,1,PF00701,DHDPS
NP_418719.1,1,PF01614,IclR_C
NP_418721.1,1,PF00834,Ribul_P_3_epim
NP_418722.1,1,PF00359,PTS_EIIA_2
NP_418723.1,1,PF03437,BtpA
NP_418724.1,1,PF03611,EIIC-GAT
NP_418725.4,1,PF05343,Peptidase_M42
NP_418729.1,1,PF03629,SASA
NP_418731.2,1,PF06178,KdgM
NP_418732.1,1,PF00589,Phage_integrase
NP_418733.1,1,PF00589,Phage_integrase
NP_418734.1,1,PF00419,Fimbrial
NP_418735.2,1,PF00419,Fimbrial
NP_418738.1,1,PF00419,Fimbrial
NP_418745.3,1,PF10887,DUF2686
NP_418746.4,1,PF04965,GPW_gp25
NP_418749.1,1,PF07670,Gate
NP_418750.2,1,PF07670,Gate
NP_418751.4,1,PF01885,PTS_2-RNA
NP_418754.2,1,PF01869,BcrAD_BadFG
NP_418755.4,1,PF06050,HGD-D
NP_418756.1,1,PF04286,DUF445
NP_418761.1,1,PF06568,YjiS-like
NP_418765.1,1,PF10117,McrBC
NP_418767.4,1,PF08845,SymE_toxin
NP_418768.1,1,PF01420,Methylase_S
NP_418773.1,1,PF04328,Sel_put
NP_418774.2,1,PF02554,CstA
NP_418776.1,1,PF07690,MFS_1
NP_418780.2,1,PF10696,DUF2501
NP_418782.1,1,PF17948,DnaT
NP_418783.2,1,PF12821,ThrE_2
NP_418784.4,1,PF06738,ThrE
NP_418785.1,1,PF00196,GerE
NP_418786.4,1,PF00196,GerE
NP_418789.1,1,PF03603,DNA_III_psi
NP_418797.1,1,PF11230,YjjI-like
NP_418798.1,1,PF01791,DeoC
NP_418800.1,1,PF01676,Metalloenzyme
NP_418801.1,1,PF01048,PNP_UDP_1
NP_418802.1,1,PF07804,HipA_C
NP_418804.1,1,PF10144,SMP_2
NP_418810.1,1,PF01371,Trp_repressor
NP_418811.2,1,PF01931,NTPase_I-T
NP_418812.1,1,PF00300,His_Phos_1
NP_418814.1,1,PF05981,CreA
NP_418817.1,1,PF06123,CreD
NP_418820.1,1,PF00588,SpoU_methylase
YP_001165309.1,1,PF13132,DUF3950
YP_001165313.1,1,PF08173,YbgT_YccB
YP_001165314.1,1,PF28591,YmgI
YP_001165315.1,1,PF28592,YmgJ
YP_001165316.1,1,PF26518,YciY
YP_001165317.1,1,PF23675,YciZ
YP_001165318.1,1,PF28073,YncL
YP_001165319.1,1,PF22865,MgtS-like
YP_001165320.1,1,PF28593,YdgU
YP_001165321.1,1,PF28012,YnhF
YP_001165325.1,1,PF28148,YpfM
YP_001165328.2,1,PF28061,DinQ
YP_001165331.1,1,PF13939,TisB_toxin
YP_001165332.1,1,PF17089,YjbT
YP_001165334.1,1,PF17090,Ytca
YP_002791237.1,1,PF15894,SgrT
YP_002791238.1,1,PF28062,YkgR
YP_002791241.1,1,PF28595,RzoQ
YP_002791242.1,1,PF28021,YoaK
YP_002791245.1,1,PF28150,AzuC
YP_002791246.1,1,PF28102,YoeI-like
YP_002791247.1,1,PF13956,Ibs_toxin
YP_002791248.1,1,PF13956,Ibs_toxin
YP_002791249.1,1,PF25659,YohP
YP_002791250.1,1,PF28022,YpdK
YP_002791255.1,1,PF13956,Ibs_toxin
YP_002791256.1,1,PF13956,Ibs_toxin
YP_002791257.1,1,PF13956,Ibs_toxin
YP_002791258.1,1,PF28071,YrbN
YP_002791260.1,1,PF28018,YshB
YP_003933616.1,1,PF17059,MGTL
YP_004831120.1,1,PF28106,PmrR
YP_009029994.1,1,PF06545,AllG
YP_009029995.1,1,PF26599,MntS
YP_009518739.1,1,PF03400,DDE_Tnp_IS1
YP_009518741.1,1,PF00078,RVT_1
YP_009518742.1,1,PF06154,CbeA_antitoxin
YP_009518743.1,1,PF13148,DUF3987
YP_009518744.1,1,PF27151,YagJ
YP_009518745.1,1,PF12728,HTH_17
YP_009518746.1,1,PF03466,LysR_substrate
YP_009518749.1,1,PF23686,YkiC
YP_009518752.1,1,PF00403,HMA
YP_009518754.1,1,PF23688,YlcJ
YP_009518755.1,1,PF02413,Caudo_TAP
YP_009518756.1,1,PF02413,Caudo_TAP
YP_009518757.1,1,PF23689,YldA
YP_009518758.1,1,PF13808,DDE_Tnp_1_assoc
YP_009518759.1,1,PF23495,YbgU
YP_009518761.1,1,PF23641,YmcF-like
YP_009518765.1,1,PF04860,Phage_portal
YP_009518767.1,1,PF23691,YmgL
YP_009518768.1,1,PF23693,YmgM
YP_009518771.1,1,PF23694,YmiC
YP_009518772.1,1,PF23692,YmjE
YP_009518775.1,1,PF23677,YnaL
YP_009518777.1,1,PF27119,Phage_YdaY
YP_009518778.1,1,PF06791,TMP_2
YP_009518779.1,1,PF23676,YnaM
YP_009518780.1,1,PF23695,YncO
YP_009518782.1,1,PF00267,Porin_1
YP_009518784.1,1,PF23696,YneP
YP_009518787.1,1,PF23676,YnaM
YP_009518788.1,1,PF07471,Phage_Nu1
YP_009518790.1,1,PF23641,YmcF-like
YP_009518791.1,1,PF23697,YnfS
YP_009518793.1,1,PF06254,YdaT_toxin
YP_009518795.2,1,PF22867,YoaL
YP_009518796.1,1,PF23680,YecU
YP_009518797.1,1,PF25638,DUF5983_N
YP_009518798.1,1,PF10662,PduV-EutP
YP_009518799.1,1,PF05406,WGR
YP_009518800.1,1,PF04434,SWIM
YP_009518801.1,1,PF28594,YojO
YP_009518803.1,1,PF05869,Dam
YP_009518808.1,1,PF17621,DUF5508
YP_009518809.1,1,PF17612,DUF5507
YP_009518813.1,1,PF23690,YqfI
YP_009518816.1,1,PF23678,YqhI
YP_009518821.1,1,PF15596,Imm57
YP_009518824.1,1,PF00367,PTS_EIIB
YP_009518825.1,1,PF02378,PTS_EIIC
YP_009518826.1,1,PF23700,YsdD
YP_009518830.1,1,PF23685,YtiC
YP_009518833.1,1,PF11823,Se_S_carrier
YP_010051174.1,1,PF22864,ArgL-like
YP_010051180.1,1,PF02146,SIR2
YP_010051182.1,1,PF23497,YmiD
YP_010051185.1,1,PF23498,MgtT
YP_010051186.1,1,PF23499,YnfU
YP_010051187.1,1,PF23502,YdgV
YP_010051190.1,1,PF23504,YodE
YP_010051192.1,1,PF22869,PssL
YP_010051195.1,1,PF23505,YqgG
YP_010051196.1,1,PF23506,YqgH
YP_010051197.1,1,PF12693,GspL_C
YP_010051199.1,1,PF11356,T2SSC
YP_010051200.1,1,PF23507,YqiM
YP_010051203.1,1,PF23514,YhiY
YP_010051208.1,1,PF22870,YibX
YP_010051209.1,1,PF22870,YibX
YP_010051210.1,1,PF23515,YibY
YP_010051213.1,1,PF28199,YsgD
YP_010051216.1,1,PF23516,YthB
YP_010283910.1,1,PF23642,YnhH-like
YP_010283913.1,1,PF23644,YpeD-like
YP_025292.1,1,PF01848,HOK_GEF
YP_025293.1,1,PF07690,MFS_1
YP_025295.1,1,PF01848,HOK_GEF
YP_025297.1,1,PF13940,Ldr_toxin
YP_025298.1,1,PF13940,Ldr_toxin
YP_025299.1,1,PF13940,Ldr_toxin
YP_025301.1,1,PF01848,HOK_GEF
YP_025303.1,1,PF24673,Blr_divisome
YP_025304.1,1,PF05433,Rick_17kDa_Anti
YP_025305.1,1,PF00248,Aldo_ket_red
YP_025307.1,1,PF01554,MatE
YP_025309.2,1,PF03932,CutC
YP_025310.1,1,PF02586,SRAP
YP_026160.1,1,PF06786,UPF0253
YP_026162.2,1,PF02653,BPD_transp_2
YP_026163.2,1,PF01527,HTH_Tnp_1
YP_026168.2,1,PF00528,BPD_transp_1
YP_026169.1,1,PF00266,Aminotran_5
YP_026180.1,1,PF03608,EII-GUT
YP_026186.1,1,PF00860,Xan_ur_permease
YP_026191.1,1,PF01565,FAD_binding_4
YP_026201.1,1,PF03741,TerC
YP_026202.1,1,PF03313,SDH_alpha
YP_026208.1,1,PF13116,YhdP
YP_026209.1,1,PF00528,BPD_transp_1
YP_026212.2,1,PF01226,Form_Nir_trans
YP_026213.1,1,PF01261,AP_endonuc_2
YP_026218.1,1,PF00343,Phosphorylase
YP_026227.1,1,PF13940,Ldr_toxin
YP_026229.1,1,PF01848,HOK_GEF
YP_026230.1,1,PF01832,Glucosaminidase
YP_026231.1,1,PF00155,Aminotran_1_2
YP_026232.1,1,PF06808,DctM
YP_026238.1,1,PF01081,Aldolase
YP_026240.1,1,PF27265,YidX_N
YP_026242.1,1,PF01182,Glucosamine_iso
YP_026247.1,1,PF01063,Aminotran_4
YP_026253.1,1,PF02350,Epimerase_2
YP_026257.1,1,PF07429,Glyco_transf_56
YP_026261.1,1,PF09992,NAGPA
YP_026262.1,1,PF00892,EamA
YP_026264.1,1,PF01810,LysE
YP_026265.1,1,PF01810,LysE
YP_026270.1,1,PF02416,TatA_B_E
YP_026271.1,1,PF01026,TatD_DNase
YP_026273.1,1,PF02386,TrkH
YP_026276.1,1,PF06134,RhaA
YP_026277.1,1,PF07813,LTXXQ
YP_026279.1,1,PF02597,ThiS
YP_026281.1,1,PF28054,YjdP
YP_026283.1,1,PF08085,Entericidin
YP_026284.1,1,PF08085,Entericidin
YP_026288.1,1,PF05987,DUF898
YP_026291.2,1,PF01026,TatD_DNase
YP_588435.1,1,PF06174,DUF987
YP_588437.1,1,PF00444,Ribosomal_L36
YP_588439.1,1,PF26818,Phage_YlcG
YP_588440.1,1,PF06085,Rz1
YP_588441.1,1,PF03621,MbtH
YP_588442.1,1,PF04328,Sel_put
YP_588443.1,1,PF09604,Potass_KdpF
YP_588444.1,1,PF08173,YbgT_YccB
YP_588446.1,1,PF08178,GnsAB_toxin
YP_588447.1,1,PF28058,YmgF
YP_588449.3,1,PF22868,YmiA-like
YP_588451.1,1,PF27493,YdaE
YP_588452.1,1,PF06085,Rz1
YP_588453.1,1,PF03891,DUF333
YP_588454.1,1,PF13132,DUF3950
YP_588455.2,1,PF28032,YniD-like
YP_588456.1,1,PF13996,YobH
YP_588460.1,1,PF27791,UPF0387_membrane
YP_588461.1,1,PF03692,CxxCxxCC
YP_588464.1,1,PF12843,QSregVF_b
YP_588465.1,1,PF13980,UPF0370
YP_588466.1,1,PF06174,DUF987
YP_588467.1,1,PF03889,ArfA
YP_588468.1,1,PF09526,DUF2387
YP_588469.1,1,PF13983,YsaB
YP_588471.1,1,PF27428,YicS
YP_588472.1,1,PF01809,YidD
YP_588473.1,1,PF13627,LptM_cons
YP_588474.1,1,PF10753,Toxin_GhoT_OrtT
YP_588476.1,1,PF02302,PTS_IIB
YP_588477.1,1,PF09857,YjhX_toxin
YP_588478.1,1,PF07256,DUF1435
YP_588479.2,1,PF07043,DUF1328
