protein,pfam_name,pfam_accession,full_seq_evalue,full_seq_score,full_seq_bias,best_domain_evalue,best_domain_score,best_domain_bias
NP_414564.1,Ribosomal_S20p,PF01649,8.7e-33,105.9,16.3,9.7e-33,105.7,16.3
NP_414686.3,tRNA-synt_1c,PF00749,1.1e-50,165.2,0.0,1e-49,162.0,0.0
NP_414711.1,Ribosomal_S2,PF00318,3.2e-99,323.4,0.0,3.6e-99,323.3,0.0
NP_414712.1,EF_TS,PF00889,9.4e-67,217.4,4.4,1.5e-66,216.8,4.4
NP_414714.1,RRF,PF01765,1.2e-70,229.6,1.6,1.5e-70,229.2,1.6
NP_414725.1,RNase_HII,PF01351,2.8e-39,128.0,0.0,3.3e-39,127.8,0.0
NP_414941.1,YajC,PF02699,1.5e-28,91.5,0.7,1.8e-28,91.3,0.7
NP_415007.1,ADK,PF00406,3.4e-63,205.2,0.0,4.1e-63,205.0,0.0
NP_415170.4,RsfS,PF02410,8.7e-36,115.2,0.1,9.9e-36,115.0,0.1
NP_415192.1,YbeY,PF02130,1.1e-43,141.6,0.0,1.2e-43,141.5,0.0
NP_415206.1,tRNA-synt_1c,PF00749,7.4e-132,431.9,0.0,9.5e-132,431.5,0.0
NP_415404.1,eIF-1a,PF01176,3.2e-31,99.8,0.1,3.6e-31,99.6,0.1
NP_415469.1,TsaE,PF02367,1.8e-08,27.4,0.2,0.00028,13.8,0.1
NP_415607.1,Ribosomal_L32p,PF01783,7.1e-23,73.6,0.9,7.6e-23,73.5,0.9
NP_415722.1,Pept_tRNA_hydro,PF01195,9.8e-66,214.0,0.0,1.1e-65,213.8,0.0
NP_416231.1,Ribosomal_L20,PF00453,2.6e-50,162.0,9.4,3e-50,161.8,9.4
NP_416232.3,Ribosomal_L35p,PF01632,1.8e-25,82.2,8.9,2e-25,82.1,8.9
NP_416390.1,tRNA-synt_1d,PF00750,2.6e-183,601.6,0.3,3.3e-183,601.2,0.3
NP_416832.1,Chorismate_synt,PF01264,9.6e-145,474.2,0.0,1.1e-144,474.0,0.0
NP_416899.1,tRNA-synt_1c,PF00749,1.2e-127,418.1,0.0,1.9e-127,417.4,0.0
NP_417004.1,Exonuc_VII_L,PF02601,1.8e-119,391.8,7.8,2.4e-119,391.3,7.8
NP_417009.1,tRNA-synt_His,PF13393,1.5e-42,138.7,0.0,2.1e-42,138.3,0.0
NP_417013.1,NDK,PF00334,1.6e-58,189.4,0.0,1.7e-58,189.2,0.0
NP_417060.1,RecO_C,PF02565,2.3e-25,82.1,0.2,6e-25,80.8,0.2
NP_417097.1,Ribosomal_L19,PF01245,5.6e-53,170.6,3.6,6.2e-53,170.5,3.6
NP_417098.1,tRNA_m1G_MT,PF01746,4.4e-103,336.4,0.0,5.2e-103,336.2,0.0
NP_417100.1,Ribosomal_S16,PF00886,1.2e-28,91.8,0.1,1.4e-28,91.6,0.1
NP_417104.1,GrpE,PF01025,2.3e-50,163.4,2.1,2.6e-50,163.2,1.5
NP_417110.1,SmpB,PF01668,3.8e-60,194.9,0.1,4.4e-60,194.7,0.1
NP_417225.1,TruD,PF01142,1.5e-63,207.9,0.0,8.5e-43,139.6,0.0
NP_417389.1,Rib_5-P_isom_A,PF06026,2.8e-63,205.5,0.3,3.3e-63,205.3,0.3
NP_417401.1,PGK,PF00162,8.2e-144,472.1,0.5,9.3e-144,471.9,0.5
NP_417424.1,RuvX,PF03652,7.4e-49,158.5,0.0,8.2e-49,158.4,0.0
NP_417429.1,Ham1p_like,PF01725,1.5e-68,223.3,0.0,1.7e-68,223.1,0.0
NP_417634.1,Ribosomal_S15,PF00312,9.6e-41,130.9,1.3,1.1e-40,130.7,1.3
NP_417636.1,RBFA,PF02033,1e-38,124.8,0.1,1.2e-38,124.6,0.1
NP_417642.1,SecG,PF03840,8.8e-25,79.7,12.7,1.1e-24,79.4,12.7
NP_417652.1,Ribosomal_L27,PF01016,1.9e-41,133.0,3.3,2.1e-41,132.9,3.3
NP_417653.1,Ribosomal_L21p,PF00829,5.2e-39,125.6,3.1,5.7e-39,125.4,3.1
NP_417697.1,Ribosomal_S9,PF00380,3.6e-53,172.2,2.0,4e-53,172.0,2.0
NP_417698.1,Ribosomal_L13,PF00572,7.3e-50,161.0,0.1,8.5e-50,160.8,0.1
NP_417753.1,Ribosomal_L17,PF01196,5e-42,135.8,0.0,6.1e-42,135.5,0.0
NP_417754.1,RNA_pol_L,PF01193,5.9e-28,89.4,0.0,9.8e-28,88.7,0.0
NP_417756.1,Ribosomal_S11,PF00411,4.6e-57,184.2,0.8,5.6e-57,183.9,0.8
NP_417757.1,Ribosomal_S13,PF00416,9.2e-38,122.5,5.9,4.5e-36,117.1,5.9
NP_417759.1,SecY,PF00344,8.7e-124,405.7,18.9,1.1e-123,405.4,18.9
NP_417760.1,Ribosomal_L27A,PF00828,2.9e-15,49.5,3.1,4.4e-15,48.9,3.1
NP_417763.1,Ribosomal_L18p,PF00861,6.4e-42,135.6,4.2,7.1e-42,135.4,4.2
NP_417764.1,Ribosomal_L6,PF00347,4.3e-45,145.4,0.2,1.4e-24,79.7,0.0
NP_417765.1,Ribosomal_S8,PF00410,1.5e-51,166.6,0.1,1.7e-51,166.4,0.1
NP_417767.1,Ribosomal_L5,PF00281,6e-31,99.6,0.3,1.1e-30,98.7,0.3
NP_417768.1,ribosomal_L24,PF17136,4.6e-28,90.4,0.1,8.2e-28,89.6,0.1
NP_417769.1,Ribosomal_L14,PF00238,1.3e-57,185.9,0.5,1.4e-57,185.8,0.5
NP_417770.1,Ribosomal_S17,PF00366,1.6e-37,120.5,1.2,1.9e-37,120.2,1.2
NP_417771.1,Ribosomal_L29,PF00831,1.6e-25,81.9,7.6,1.7e-25,81.8,7.6
NP_417772.1,Ribosomal_L16,PF00252,2.5e-53,172.5,1.6,2.8e-53,172.4,1.6
NP_417773.1,Ribosomal_S3_C,PF00189,5.5e-43,138.4,1.0,1e-42,137.6,1.0
NP_417774.1,Ribosomal_L22,PF00237,5.9e-44,141.5,2.8,6.6e-44,141.4,2.8
NP_417775.1,Ribosomal_S19,PF00203,1.3e-40,130.1,0.1,1.5e-40,129.9,0.1
NP_417776.1,Ribosomal_L2_N,PF00181,1.4e-39,127.1,0.4,8.5e-39,124.6,0.2
NP_417777.1,Ribosomal_L23,PF00276,6.7e-35,112.4,4.8,7.6e-35,112.2,4.8
NP_417778.1,Ribosomal_L4,PF00573,4.5e-74,241.2,1.1,5e-74,241.0,1.1
NP_417779.1,Ribosomal_L3,PF00297,3e-16,52.3,8.3,6.7e-16,51.1,6.6
NP_417780.1,Ribosomal_S10,PF00338,1e-37,121.4,0.1,1.1e-37,121.2,0.1
NP_417800.1,Ribosomal_S7,PF00177,1.4e-65,212.4,2.4,1.6e-65,212.2,2.4
NP_417801.1,Ribosom_S12_S23,PF00164,2.7e-44,142.4,0.4,3.2e-44,142.2,0.4
NP_417879.1,RtcB,PF01139,2.2e-136,448.3,0.1,3e-136,447.9,0.1
NP_418094.1,Ribosomal_L28,PF00830,5e-29,93.1,2.1,5.8e-29,92.9,2.1
NP_418106.1,RNA_pol_Rpb6,PF01192,2.7e-21,68.4,0.1,4.7e-21,67.6,0.1
NP_418159.1,Ribonuclease_P,PF00825,1.7e-35,114.4,0.3,1.9e-35,114.2,0.3
NP_418189.1,ATP-synt,PF00231,6.5e-109,356.9,0.0,7.2e-109,356.8,0.0
NP_418191.1,OSCP,PF00213,2.1e-50,164.1,1.0,2.3e-50,164.0,1.0
NP_418194.1,ATP-synt_A,PF00119,3.7e-59,193.1,21.4,4.5e-59,192.8,21.4
NP_418354.1,TIM,PF00121,8.1e-99,323.0,3.4,9.2e-99,322.8,3.4
NP_418408.1,SecE,PF00584,3.7e-22,71.0,1.5,3.7e-22,71.0,1.5
NP_418411.1,Ribosomal_L1,PF00687,2.5e-69,225.8,1.1,3e-69,225.5,1.1
NP_418434.1,AICARFT_IMPCHas,PF01808,8.2e-131,428.9,3.5,1e-130,428.6,3.5
NP_418589.1,TsaE,PF02367,2.6e-44,143.2,0.0,3e-44,143.0,0.0
NP_418592.1,IPPT,PF01715,4.5e-94,307.5,0.0,5.3e-94,307.3,0.0
NP_418598.1,Adenylsucc_synt,PF00709,8.8e-187,613.8,0.0,1e-186,613.5,0.0
NP_418621.5,Ribosomal_S6,PF01250,2.4e-34,110.4,0.1,3.2e-34,110.0,0.1
NP_418624.1,Ribosomal_L9_C,PF03948,3.8e-28,90.8,1.7,6.2e-28,90.1,1.7
NP_418665.1,PyrI,PF01948,1.2e-33,108.1,0.0,1.7e-33,107.7,0.0
